-- phpMyAdmin SQL Dump
-- version 5.1.1
-- https://www.phpmyadmin.net/
--
-- Host: 127.0.0.1
-- Generation Time: Sep 21, 2021 at 11:43 AM
-- Server version: 10.4.19-MariaDB
-- PHP Version: 8.0.7

SET SQL_MODE = "NO_AUTO_VALUE_ON_ZERO";
START TRANSACTION;
SET time_zone = "+00:00";


/*!40101 SET @OLD_CHARACTER_SET_CLIENT=@@CHARACTER_SET_CLIENT */;
/*!40101 SET @OLD_CHARACTER_SET_RESULTS=@@CHARACTER_SET_RESULTS */;
/*!40101 SET @OLD_COLLATION_CONNECTION=@@COLLATION_CONNECTION */;
/*!40101 SET NAMES utf8mb4 */;

--
-- Database: `petrolpump_erp`
--

-- --------------------------------------------------------

--
-- Table structure for table `credit_fill`
--

CREATE TABLE `credit_fill` (
  `id` int(11) NOT NULL,
  `vehicle_id` int(11) NOT NULL,
  `current_fill` decimal(10,0) NOT NULL,
  `current_price` decimal(10,0) NOT NULL,
  `current_amount` decimal(10,0) NOT NULL,
  `total_amount` decimal(10,0) NOT NULL,
  `created_at` timestamp NOT NULL DEFAULT current_timestamp() ON UPDATE current_timestamp(),
  `created_by` int(11) NOT NULL,
  `updated_at` timestamp NOT NULL DEFAULT current_timestamp(),
  `updated_by` int(11) DEFAULT NULL,
  `branch_id` int(11) DEFAULT 1
) ENGINE=InnoDB DEFAULT CHARSET=utf8mb4;

--
-- Dumping data for table `credit_fill`
--

INSERT INTO `credit_fill` (`id`, `vehicle_id`, `current_fill`, `current_price`, `current_amount`, `total_amount`, `created_at`, `created_by`, `updated_at`, `updated_by`, `branch_id`) VALUES
(1, 2, '1500', '120', '12', '1500', '2021-08-19 19:00:00', 2, '2021-08-20 13:34:28', NULL, 1),
(2, 2, '1000', '120', '8', '1000', '2021-08-19 19:00:00', 2, '2021-08-20 13:34:58', NULL, 1),
(3, 2, '1000', '120', '8', '1500', '2021-08-19 19:00:00', 2, '2021-08-20 13:52:25', NULL, 1),
(4, 2, '5000', '120', '42', '7000', '2021-08-19 19:00:00', 2, '2021-08-20 14:09:19', NULL, 1),
(5, 2, '1000', '120', '8', '10000', '2021-08-19 19:00:00', 2, '2021-08-20 14:09:56', NULL, 1),
(6, 2, '1000', '120', '8', '20000', '2021-08-19 19:00:00', 2, '2021-08-20 14:20:52', NULL, 1),
(7, 1, '1500', '120', '12', '1500', '2021-08-19 19:00:00', 2, '2021-08-20 15:16:59', NULL, 1),
(8, 2, '1100', '120', '9', '1100', '2021-08-19 19:00:00', 2, '2021-08-20 15:17:35', NULL, 1),
(9, 2, '900', '120', '7', '1000', '2021-08-19 19:00:00', 2, '2021-08-20 15:18:12', NULL, 1),
(10, 2, '1500', '120', '12', '1600', '2021-08-19 19:00:00', 2, '2021-08-20 15:18:36', NULL, 1),
(11, 1, '2000', '120', '17', '2000', '2021-08-19 19:00:00', 2, '2021-08-20 15:19:12', NULL, 1),
(12, 2, '1100', '120', '9', '1100', '2021-08-19 19:00:00', 2, '2021-08-20 15:19:49', NULL, 1),
(13, 1, '1500', '120', '12', '3500', '2021-08-19 19:00:00', 2, '2021-08-20 15:20:10', NULL, 1),
(14, 2, '2000', '120', '17', '2000', '2021-08-22 19:00:00', 2, '2021-08-23 08:15:57', NULL, 1),
(15, 3, '1500', '120', '12', '1500', '2021-08-22 19:00:00', 2, '2021-08-23 12:38:13', NULL, 1),
(16, 3, '100', '120', '1', '100', '2021-08-22 19:00:00', 2, '2021-08-23 12:39:41', NULL, 1),
(17, 3, '500', '120', '4', '500', '2021-08-22 19:00:00', 2, '2021-08-23 12:40:30', NULL, 1),
(18, 3, '100', '120', '1', '200', '2021-08-22 19:00:00', 2, '2021-08-23 12:41:53', NULL, 1);

-- --------------------------------------------------------

--
-- Table structure for table `credit_parties`
--

CREATE TABLE `credit_parties` (
  `party_id` int(11) NOT NULL,
  `owner_name` varchar(255) NOT NULL,
  `owner_contact` varchar(255) NOT NULL,
  `owner_address` varchar(400) DEFAULT NULL,
  `owner_balance` decimal(10,0) DEFAULT 0,
  `pending_balance` double DEFAULT 0,
  `created_at` timestamp NOT NULL DEFAULT current_timestamp() ON UPDATE current_timestamp(),
  `added_by` int(11) NOT NULL,
  `updated_by` int(11) DEFAULT NULL,
  `branch_id` int(11) NOT NULL DEFAULT 1
) ENGINE=InnoDB DEFAULT CHARSET=utf8mb4;

--
-- Dumping data for table `credit_parties`
--

INSERT INTO `credit_parties` (`party_id`, `owner_name`, `owner_contact`, `owner_address`, `owner_balance`, `pending_balance`, `created_at`, `added_by`, `updated_by`, `branch_id`) VALUES
(1, 'Noor Khan', '03364357517', 'Islamabad', '500', 0, '2021-08-23 08:37:06', 2, NULL, 1),
(2, 'Zia Ullah', '03364357517', 'Islamabad', '0', 0, '2021-08-23 08:29:57', 2, NULL, 1),
(3, 'muzamil', '03100557175', 'Haripur', '0', 10, '2021-08-23 12:42:06', 2, NULL, 1);

-- --------------------------------------------------------

--
-- Table structure for table `credit_sales`
--

CREATE TABLE `credit_sales` (
  `id` int(11) NOT NULL,
  `vehicle_id` int(11) NOT NULL,
  `previous_amount` decimal(10,0) NOT NULL,
  `current_amount` decimal(10,0) NOT NULL,
  `grand_total` double NOT NULL,
  `paid_amount` double NOT NULL,
  `pending_amount` double NOT NULL,
  `branch_id` int(11) NOT NULL DEFAULT 1,
  `created_at` timestamp NOT NULL DEFAULT current_timestamp() ON UPDATE current_timestamp(),
  `created_by` int(11) NOT NULL,
  `updated_at` timestamp NOT NULL DEFAULT current_timestamp(),
  `updated_by` int(11) DEFAULT NULL
) ENGINE=InnoDB DEFAULT CHARSET=utf8mb4;

-- --------------------------------------------------------

--
-- Table structure for table `credit_vehicles`
--

CREATE TABLE `credit_vehicles` (
  `vehicle_id` int(11) NOT NULL,
  `vehicle_model` varchar(255) NOT NULL,
  `vehicle_type` int(11) NOT NULL,
  `vehicle_owner` int(11) NOT NULL,
  `driver_name` varchar(255) NOT NULL,
  `driver_contact` varchar(255) NOT NULL,
  `created_at` timestamp NOT NULL DEFAULT current_timestamp(),
  `updated_at` timestamp NOT NULL DEFAULT current_timestamp(),
  `created_by` int(11) NOT NULL,
  `updated_by` int(11) DEFAULT NULL,
  `branch_id` int(11) NOT NULL DEFAULT 1
) ENGINE=InnoDB DEFAULT CHARSET=utf8mb4;

--
-- Dumping data for table `credit_vehicles`
--

INSERT INTO `credit_vehicles` (`vehicle_id`, `vehicle_model`, `vehicle_type`, `vehicle_owner`, `driver_name`, `driver_contact`, `created_at`, `updated_at`, `created_by`, `updated_by`, `branch_id`) VALUES
(1, 'Wagon 123 ict', 1, 1, 'Anyone', '03100557175', '2021-08-19 19:00:00', '2021-08-20 13:25:39', 2, NULL, 1),
(2, 'Toyota-HSD-120', 1, 2, 'Muzammil Sabir', '03100557175', '2021-08-19 19:00:00', '2021-08-20 13:25:54', 2, NULL, 1),
(3, 'RIS1591', 2, 3, 'hammad', '00000', '2021-08-22 19:00:00', '2021-08-23 12:35:10', 2, NULL, 1);

-- --------------------------------------------------------

--
-- Table structure for table `daily_lubs_stock`
--

CREATE TABLE `daily_lubs_stock` (
  `id` int(11) NOT NULL,
  `stock` varchar(10000) NOT NULL,
  `created_at` timestamp NOT NULL DEFAULT current_timestamp(),
  `updated_at` timestamp NOT NULL DEFAULT current_timestamp() ON UPDATE current_timestamp()
) ENGINE=InnoDB DEFAULT CHARSET=latin1;

--
-- Dumping data for table `daily_lubs_stock`
--

INSERT INTO `daily_lubs_stock` (`id`, `stock`, `created_at`, `updated_at`) VALUES
(4, '[{\"item_id\":23,\"item_name\":\"1st July\",\"quantity\":\"1.0\",\"indent_price\":\"860115.00\"}]\n', '2021-07-08 13:15:06', '2021-09-05 06:52:23'),
(5, '[{\"item_id\":8,\"item_name\":\"Black Paintttt77\",\"quantity\":\"21.0\",\"indent_price\":\"5153.27\"},{\"item_id\":9,\"item_name\":\"Red\",\"quantity\":\"11.0\",\"indent_price\":2063.16},{\"item_id\":10,\"item_name\":\"Maayoneese\",\"quantity\":\"12.0\",\"indent_price\":\"6519.24\"},{\"item_id\":11,\"item_name\":\"Shell-Islambad\",\"quantity\":\"23.0\",\"indent_price\":\"2609.55\"},{\"item_id\":12,\"item_name\":\"sal mine itemm\",\"quantity\":\"21.0\",\"indent_price\":\"678.30\"},{\"item_id\":13,\"item_name\":\"test item\",\"quantity\":\"57.0\",\"indent_price\":\"2675.53\"},{\"item_id\":14,\"item_name\":\"new category\",\"quantity\":\"23.0\",\"indent_price\":\"2011.37\"},{\"item_id\":15,\"item_name\":\"new burger\",\"quantity\":\"3.0\",\"indent_price\":\"697.15\"},{\"item_id\":16,\"item_name\":\"test\",\"quantity\":\"27.0\",\"indent_price\":\"322.48\"},\n{\"item_id\":17,\"item_name\":\"test\",\"quantity\":\"112.0\",\"indent_price\":\"382.73\"},\n{\"item_id\":18,\"item_name\":\"test\",\"quantity\":\"10.0\",\"indent_price\":\"4571.34\"},\n{\"item_id\":19,\"item_name\":\"test\",\"quantity\":\"11.0\",\"indent_price\":\"3354.67\"},\n{\"item_id\":20,\"item_name\":\"test\",\"quantity\":\"7.0\",\"indent_price\":\"1254.99\"},\n{\"item_id\":21,\"item_name\":\"test\",\"quantity\":\"1.0\",\"indent_price\":\"2611.23\"},\n{\"item_id\":22,\"item_name\":\"test\",\"quantity\":\"390.0\",\"indent_price\":\"225.00\"}\n]', '2021-07-30 19:00:00', '2021-09-05 06:59:26'),
(6, '[{\"item_id\":8,\"item_name\":\"R1 10 Litres\",\"quantity\":\"21.00\",\"indent_price\":\"5153.27\"},{\"item_id\":9,\"item_name\":\"R1 04 ltrs\",\"quantity\":\"11.00\",\"indent_price\":\"2063.16\"},{\"item_id\":10,\"item_name\":\"R2 Ext 10 Litres\",\"quantity\":\"12.00\",\"indent_price\":\"6519.24\"},{\"item_id\":11,\"item_name\":\"R2 Ext 04 Liters\",\"quantity\":\"23.00\",\"indent_price\":\"2609.55\"},{\"item_id\":12,\"item_name\":\"R2 Ext 01 Litre\",\"quantity\":\"21.00\",\"indent_price\":\"678.30\"},{\"item_id\":13,\"item_name\":\"HX3 04 liters\",\"quantity\":\"57.00\",\"indent_price\":\"2675.53\"},{\"item_id\":14,\"item_name\":\"HX3 03 liters\",\"quantity\":\"23.00\",\"indent_price\":\"2011.37\"},{\"item_id\":15,\"item_name\":\"HX3 01 liters\",\"quantity\":\"3.00\",\"indent_price\":\"697.15\"},{\"item_id\":16,\"item_name\":\"Sx 2 0.7 liters\",\"quantity\":\"27.00\",\"indent_price\":\"322.48\"},{\"item_id\":17,\"item_name\":\"AX 3  0.7 Liters\",\"quantity\":\"112.00\",\"indent_price\":\"382.73\"},{\"item_id\":18,\"item_name\":\"Ultra 04 liters\",\"quantity\":\"10.00\",\"indent_price\":\"4571.34\"},{\"item_id\":19,\"item_name\":\"Ultra 03 liters\",\"quantity\":\"11.00\",\"indent_price\":\"3354.67\"},{\"item_id\":20,\"item_name\":\"Ultra 01 liters\",\"quantity\":\"7.00\",\"indent_price\":\"1254.99\"},{\"item_id\":21,\"item_name\":\"HX5 04 liters\",\"quantity\":\"1.00\",\"indent_price\":\"2611.23\"},{\"item_id\":22,\"item_name\":\"G-Oil\",\"quantity\":\"390.00\",\"indent_price\":\"225.00\"},{\"item_id\":24,\"item_name\":\"July Sale total\",\"quantity\":\"0.00\",\"indent_price\":\"142515.00\"}]', '2021-07-21 22:00:00', '2021-08-20 14:07:21'),
(8, '[{\"item_id\":8,\"item_name\":\"R1 10 Litres\",\"quantity\":\"19.00\",\"indent_price\":\"5153.27\"},{\"item_id\":9,\"item_name\":\"R1 04 ltrs\",\"quantity\":\"9.00\",\"indent_price\":\"2063.16\"},{\"item_id\":10,\"item_name\":\"R2 Ext 10 Litres\",\"quantity\":\"10.00\",\"indent_price\":\"6519.24\"},{\"item_id\":11,\"item_name\":\"R2 Ext 04 Liters\",\"quantity\":\"23.00\",\"indent_price\":\"2609.55\"},{\"item_id\":12,\"item_name\":\"R2 Ext 01 Litre\",\"quantity\":\"21.00\",\"indent_price\":\"678.30\"},{\"item_id\":13,\"item_name\":\"HX3 04 liters\",\"quantity\":\"57.00\",\"indent_price\":\"2675.53\"},{\"item_id\":14,\"item_name\":\"HX3 03 liters\",\"quantity\":\"23.00\",\"indent_price\":\"2011.37\"},{\"item_id\":15,\"item_name\":\"HX3 01 liters\",\"quantity\":\"3.00\",\"indent_price\":\"697.15\"},{\"item_id\":16,\"item_name\":\"Sx 2 0.7 liters\",\"quantity\":\"27.00\",\"indent_price\":\"322.48\"},{\"item_id\":17,\"item_name\":\"AX 3  0.7 Liters\",\"quantity\":\"109.00\",\"indent_price\":\"382.73\"},{\"item_id\":18,\"item_name\":\"Ultra 04 liters\",\"quantity\":\"10.00\",\"indent_price\":\"4571.34\"},{\"item_id\":19,\"item_name\":\"Ultra 03 liters\",\"quantity\":\"11.00\",\"indent_price\":\"3354.67\"},{\"item_id\":20,\"item_name\":\"Ultra 01 liters\",\"quantity\":\"7.00\",\"indent_price\":\"1254.99\"},{\"item_id\":21,\"item_name\":\"HX5 04 liters\",\"quantity\":\"1.00\",\"indent_price\":\"2611.23\"},{\"item_id\":22,\"item_name\":\"G-Oil\",\"quantity\":\"380.00\",\"indent_price\":\"225.00\"},{\"item_id\":24,\"item_name\":\"July Sale total\",\"quantity\":\"0.00\",\"indent_price\":\"0.00\"}]', '2021-08-14 19:00:00', '2021-08-23 07:24:38'),
(9, '[{\"item_id\":8,\"item_name\":\"R1 10 Litres\",\"quantity\":\"19.00\",\"indent_price\":\"5153.27\"},{\"item_id\":9,\"item_name\":\"R1 04 ltrs\",\"quantity\":\"9.00\",\"indent_price\":\"2063.16\"},{\"item_id\":10,\"item_name\":\"R2 Ext 10 Litres\",\"quantity\":\"10.00\",\"indent_price\":\"6519.24\"},{\"item_id\":11,\"item_name\":\"R2 Ext 04 Liters\",\"quantity\":\"22.00\",\"indent_price\":\"2609.55\"},{\"item_id\":12,\"item_name\":\"R2 Ext 01 Litre\",\"quantity\":\"21.00\",\"indent_price\":\"678.30\"},{\"item_id\":13,\"item_name\":\"HX3 04 liters\",\"quantity\":\"57.00\",\"indent_price\":\"2675.53\"},{\"item_id\":14,\"item_name\":\"HX3 03 liters\",\"quantity\":\"23.00\",\"indent_price\":\"2011.37\"},{\"item_id\":15,\"item_name\":\"HX3 01 liters\",\"quantity\":\"3.00\",\"indent_price\":\"697.15\"},{\"item_id\":16,\"item_name\":\"Sx 2 0.7 liters\",\"quantity\":\"27.00\",\"indent_price\":\"322.48\"},{\"item_id\":17,\"item_name\":\"AX 3  0.7 Liters\",\"quantity\":\"109.00\",\"indent_price\":\"382.73\"},{\"item_id\":18,\"item_name\":\"Ultra 04 liters\",\"quantity\":\"10.00\",\"indent_price\":\"4571.34\"},{\"item_id\":19,\"item_name\":\"Ultra 03 liters\",\"quantity\":\"11.00\",\"indent_price\":\"3354.67\"},{\"item_id\":20,\"item_name\":\"Ultra 01 liters\",\"quantity\":\"7.00\",\"indent_price\":\"1254.99\"},{\"item_id\":21,\"item_name\":\"HX5 04 liters\",\"quantity\":\"1.00\",\"indent_price\":\"2611.23\"},{\"item_id\":22,\"item_name\":\"G-Oil\",\"quantity\":\"380.00\",\"indent_price\":\"225.00\"}]', '2021-09-04 19:00:00', '2021-09-05 08:08:50'),
(10, '[{\"item_id\":8,\"item_name\":\"R1 10 Litres\",\"quantity\":\"18.00\",\"indent_price\":\"5153.27\"},{\"item_id\":9,\"item_name\":\"R1 04 ltrs\",\"quantity\":\"8.00\",\"indent_price\":\"2063.16\"},{\"item_id\":10,\"item_name\":\"R2 Ext 10 Litres\",\"quantity\":\"10.00\",\"indent_price\":\"6519.24\"},{\"item_id\":11,\"item_name\":\"R2 Ext 04 Liters\",\"quantity\":\"22.00\",\"indent_price\":\"2609.55\"},{\"item_id\":12,\"item_name\":\"R2 Ext 01 Litre\",\"quantity\":\"21.00\",\"indent_price\":\"678.30\"},{\"item_id\":13,\"item_name\":\"HX3 04 liters\",\"quantity\":\"57.00\",\"indent_price\":\"2675.53\"},{\"item_id\":14,\"item_name\":\"HX3 03 liters\",\"quantity\":\"23.00\",\"indent_price\":\"2011.37\"},{\"item_id\":15,\"item_name\":\"HX3 01 liters\",\"quantity\":\"3.00\",\"indent_price\":\"697.15\"},{\"item_id\":16,\"item_name\":\"Sx 2 0.7 liters\",\"quantity\":\"27.00\",\"indent_price\":\"322.48\"},{\"item_id\":17,\"item_name\":\"AX 3  0.7 Liters\",\"quantity\":\"109.00\",\"indent_price\":\"382.73\"},{\"item_id\":18,\"item_name\":\"Ultra 04 liters\",\"quantity\":\"10.00\",\"indent_price\":\"4571.34\"},{\"item_id\":19,\"item_name\":\"Ultra 03 liters\",\"quantity\":\"11.00\",\"indent_price\":\"3354.67\"},{\"item_id\":20,\"item_name\":\"Ultra 01 liters\",\"quantity\":\"7.00\",\"indent_price\":\"1254.99\"},{\"item_id\":21,\"item_name\":\"HX5 04 liters\",\"quantity\":\"1.00\",\"indent_price\":\"2611.23\"},{\"item_id\":22,\"item_name\":\"G-Oil\",\"quantity\":\"380.00\",\"indent_price\":\"225.00\"}]', '2021-09-04 19:00:00', '2021-09-05 08:09:35');

-- --------------------------------------------------------

--
-- Table structure for table `diprod_readings`
--

CREATE TABLE `diprod_readings` (
  `id` int(11) NOT NULL,
  `nozzel_type` int(11) NOT NULL,
  `fillReading` decimal(15,3) NOT NULL,
  `opening_stock` decimal(15,5) NOT NULL,
  `physical_stock` decimal(15,5) NOT NULL,
  `book_stock` decimal(15,5) NOT NULL,
  `reading_date` datetime NOT NULL,
  `created_at` timestamp NOT NULL DEFAULT current_timestamp(),
  `updated_at` timestamp NOT NULL DEFAULT current_timestamp(),
  `isActive` int(11) NOT NULL DEFAULT 1
) ENGINE=InnoDB DEFAULT CHARSET=latin1;

--
-- Dumping data for table `diprod_readings`
--

INSERT INTO `diprod_readings` (`id`, `nozzel_type`, `fillReading`, `opening_stock`, `physical_stock`, `book_stock`, `reading_date`, `created_at`, `updated_at`, `isActive`) VALUES
(78, 1, '1425.000', '3189.00000', '10037.71200', '10008.00000', '2021-07-08 00:00:00', '2021-07-17 12:54:09', '2021-07-17 13:54:21', 0),
(79, 2, '1015.000', '1463.00000', '15091.17200', '15098.00000', '2021-07-08 00:00:00', '2021-07-17 12:54:09', '2021-07-17 13:54:21', 0),
(80, 1, '1310.000', '10037.71000', '9067.55800', '9050.71200', '2021-07-09 00:00:00', '2021-07-17 13:54:21', '2021-07-17 14:04:15', 0),
(81, 2, '810.000', '15091.17200', '11066.70100', '11033.17200', '2021-07-09 00:00:00', '2021-07-17 13:54:21', '2021-07-17 14:04:15', 0),
(82, 1, '1175.000', '9067.56000', '7914.34000', '7873.55800', '2021-07-10 00:00:00', '2021-07-17 14:04:15', '2021-07-17 14:13:25', 0),
(83, 2, '600.000', '11066.70100', '7249.70000', '7270.70100', '2021-07-10 00:00:00', '2021-07-17 14:04:15', '2021-07-17 14:13:25', 0),
(84, 1, '1055.000', '7914.34000', '6888.19800', '6891.34000', '2021-07-11 00:00:00', '2021-07-17 14:13:25', '2021-08-07 09:02:30', 0),
(85, 2, '390.000', '7249.70000', '3897.76200', '3906.70000', '2021-07-11 00:00:00', '2021-07-17 14:13:25', '2021-08-07 09:02:30', 0),
(86, 1, '935.000', '6888.20000', '5872.42200', '5808.19800', '2021-07-12 00:00:00', '2021-08-07 09:02:30', '2021-08-07 09:24:37', 0),
(87, 2, '180.000', '3897.76200', '1252.14200', '1279.76200', '2021-07-12 00:00:00', '2021-08-07 09:02:30', '2021-08-07 09:24:37', 0),
(88, 1, '800.000', '5872.42000', '4756.09700', '4770.42200', '2021-07-13 00:00:00', '2021-08-07 09:24:37', '2021-08-07 10:07:49', 0),
(89, 2, '1025.000', '1252.14200', '15292.92800', '15360.14200', '2021-07-13 00:00:00', '2021-08-07 09:24:37', '2021-08-07 10:07:49', 0),
(90, 1, '1590.000', '4756.10000', '11388.91000', '11314.09700', '2021-07-14 00:00:00', '2021-08-07 10:07:49', '2021-08-07 10:22:22', 0),
(91, 2, '1235.000', '15292.92800', '19607.06400', '19608.92800', '2021-07-14 00:00:00', '2021-08-07 10:07:49', '2021-08-07 10:22:22', 0),
(92, 1, '1330.000', '11388.91000', '9237.40300', '9269.91000', '2021-07-15 00:00:00', '2021-08-07 10:22:22', '2021-08-07 19:05:55', 0),
(93, 2, '1035.000', '19607.06400', '15495.09600', '15580.06400', '2021-07-15 00:00:00', '2021-08-07 10:22:22', '2021-08-07 19:05:55', 0),
(94, 1, '1230.000', '9237.40000', '8385.12800', '8371.40300', '2021-07-16 00:00:00', '2021-08-07 19:05:55', '2021-08-07 19:15:54', 0),
(95, 2, '875.000', '15495.09600', '12316.79900', '12298.09600', '2021-07-16 00:00:00', '2021-08-07 19:05:55', '2021-08-07 19:15:54', 0),
(96, 1, '1080.000', '8385.13000', '7101.48800', '7111.12800', '2021-07-17 00:00:00', '2021-08-07 19:15:54', '2021-08-07 19:21:56', 0),
(97, 2, '690.000', '12316.79900', '8838.86800', '8877.79900', '2021-07-17 00:00:00', '2021-08-07 19:15:54', '2021-08-07 19:21:56', 0),
(98, 1, '940.000', '7101.49000', '5914.39400', '5961.48800', '2021-07-18 00:00:00', '2021-08-07 19:21:56', '2021-08-07 19:44:41', 0),
(99, 2, '440.000', '8838.86800', '4643.07400', '4644.86800', '2021-07-18 00:00:00', '2021-08-07 19:21:56', '2021-08-07 19:44:41', 0),
(100, 1, '1630.000', '5914.39000', '11706.14200', '11771.39400', '2021-07-19 00:00:00', '2021-08-07 19:44:41', '2021-08-08 11:44:06', 0),
(101, 2, '970.000', '4643.07400', '14188.70000', '14169.07400', '2021-07-19 00:00:00', '2021-08-07 19:44:41', '2021-08-08 11:44:06', 0),
(102, 1, '1575.000', '11706.14000', '11268.75500', '11258.14200', '2021-07-20 00:00:00', '2021-08-08 11:44:06', '2021-08-08 11:48:10', 0),
(103, 2, '765.000', '14188.70000', '10218.17700', '10208.70000', '2021-07-20 00:00:00', '2021-08-08 11:44:06', '2021-08-08 11:48:10', 0),
(104, 1, '1575.000', '11268.76000', '11268.75500', '11268.75500', '2021-07-21 00:00:00', '2021-08-08 11:48:10', '2021-08-08 11:57:18', 0),
(105, 2, '680.000', '10218.17700', '8658.54600', '8619.17700', '2021-07-21 00:00:00', '2021-08-08 11:48:10', '2021-08-08 11:57:18', 0),
(106, 1, '1510.000', '11268.76000', '10741.35100', '10783.75500', '2021-07-22 00:00:00', '2021-08-08 11:57:18', '2021-08-08 15:17:14', 0),
(107, 2, '405.000', '8658.54600', '4117.43800', '4119.54600', '2021-07-22 00:00:00', '2021-08-08 11:57:18', '2021-08-08 15:17:14', 0),
(108, 1, '1380.000', '10741.35000', '9660.11900', '9699.35100', '2021-07-23 00:00:00', '2021-08-08 15:17:14', '2021-08-08 15:22:54', 0),
(109, 2, '240.000', '4117.43800', '1914.74700', '1967.43800', '2021-07-23 00:00:00', '2021-08-08 15:17:14', '2021-08-08 15:22:54', 0),
(110, 1, '1220.000', '9660.12000', '8299.58600', '8234.11900', '2021-07-24 00:00:00', '2021-08-08 15:22:54', '2021-08-08 15:40:56', 0),
(111, 2, '525.000', '1914.74700', '5989.33800', '5949.74700', '2021-07-24 00:00:00', '2021-08-08 15:22:54', '2021-08-08 15:40:56', 0),
(112, 1, '1140.000', '8299.59000', '7614.62200', '7690.58600', '2021-07-25 00:00:00', '2021-08-08 15:40:56', '2021-08-08 15:59:40', 0),
(113, 2, '220.000', '5989.33800', '1684.29000', '1697.33800', '2021-07-25 00:00:00', '2021-08-08 15:40:56', '2021-08-08 15:59:40', 0),
(114, 1, '940.000', '7614.62000', '5914.39400', '5875.62200', '2021-07-26 00:00:00', '2021-08-08 15:59:40', '2021-08-09 21:16:47', 0),
(115, 2, '500.000', '1684.29000', '5583.74100', '5546.29000', '2021-07-26 00:00:00', '2021-08-08 15:59:40', '2021-08-09 21:16:47', 0),
(116, 1, '840.000', '5914.39000', '5083.01800', '5048.39400', '2021-07-27 00:00:00', '2021-08-09 21:16:47', '2021-08-09 21:26:46', 0),
(117, 2, '250.000', '5583.74100', '2033.33300', '2057.74100', '2021-07-27 00:00:00', '2021-08-09 21:16:47', '2021-08-09 21:26:46', 0),
(118, 1, '1705.000', '5083.02000', '12286.97200', '12280.01800', '2021-07-28 00:00:00', '2021-08-09 21:26:46', '2021-08-09 21:57:29', 0),
(119, 2, '550.000', '2033.33300', '6402.42200', '6419.33300', '2021-07-28 00:00:00', '2021-08-09 21:26:46', '2021-08-09 21:57:29', 0),
(120, 1, '1580.000', '12286.97000', '11308.87600', '11338.97200', '2021-07-29 00:00:00', '2021-08-09 21:57:29', '2021-08-10 09:50:17', 0),
(121, 2, '290.000', '6402.42200', '2528.70700', '2589.42200', '2021-07-29 00:00:00', '2021-08-09 21:57:29', '2021-08-10 09:50:17', 0),
(122, 1, '1515.000', '11308.88000', '10782.28100', '10776.87600', '2021-07-30 00:00:00', '2021-08-10 09:50:17', '2021-08-10 21:34:18', 0),
(123, 2, '1030.000', '2528.70700', '15393.96100', '15427.70700', '2021-07-30 00:00:00', '2021-08-10 09:50:17', '2021-08-10 21:34:18', 0),
(124, 1, '1300.000', '10782.28000', '8982.49900', '8973.28100', '2021-07-31 00:00:00', '2021-08-10 21:34:18', '2021-08-10 21:41:32', 0),
(125, 2, '850.000', '15393.96100', '11832.77300', '11836.96100', '2021-07-31 00:00:00', '2021-08-10 21:34:18', '2021-08-10 21:41:32', 0),
(126, 1, '1130.000', '8982.50000', '7529.01800', '7471.49900', '2021-08-01 00:00:00', '2021-08-10 21:41:32', '2021-08-10 21:45:41', 0),
(127, 2, '690.000', '11832.77300', '8838.86800', '8897.77300', '2021-08-01 00:00:00', '2021-08-10 21:41:32', '2021-08-10 21:45:41', 0),
(128, 1, '680.000', '7529.02000', '3800.67000', '3719.01800', '2021-08-02 00:00:00', '2021-08-10 21:45:41', '2021-08-12 19:17:44', 0),
(129, 2, '490.000', '8838.86800', '5423.67900', '5293.86800', '2021-08-02 00:00:00', '2021-08-10 21:45:41', '2021-08-12 19:17:44', 0),
(130, 1, '1380.000', '3800.67000', '9660.11900', '9581.67000', '2021-08-03 00:00:00', '2021-08-12 19:17:44', '2021-08-12 19:22:54', 0),
(131, 2, '1160.000', '5423.67900', '18052.18400', '17957.67900', '2021-08-03 00:00:00', '2021-08-12 19:17:44', '2021-08-12 19:22:54', 0),
(132, 1, '1150.000', '9660.12000', '7700.24500', '7630.11900', '2021-08-04 00:00:00', '2021-08-12 19:22:54', '2021-08-12 19:50:35', 0),
(133, 2, '990.000', '18052.18400', '14588.66600', '14472.18400', '2021-08-04 00:00:00', '2021-08-12 19:22:54', '2021-08-12 19:50:35', 0),
(134, 1, '985.000', '7700.25000', '6293.69300', '6435.24500', '2021-08-05 00:00:00', '2021-08-12 19:50:35', '2021-08-12 20:00:30', 0),
(135, 2, '800.000', '14588.66600', '10876.88000', '10977.66600', '2021-08-05 00:00:00', '2021-08-12 19:50:35', '2021-08-12 20:00:30', 0),
(136, 1, '1780.000', '6293.69000', '12846.50600', '12820.69300', '2021-08-06 00:00:00', '2021-08-12 20:00:30', '2021-08-12 20:10:25', 0),
(137, 2, '1415.000', '10876.88000', '23369.63500', '23332.88000', '2021-08-06 00:00:00', '2021-08-12 20:00:30', '2021-08-12 20:10:25', 0),
(138, 1, '1590.000', '12846.51000', '11388.91000', '11455.50600', '2021-08-07 00:00:00', '2021-08-12 20:10:25', '2021-08-12 20:49:21', 0),
(139, 2, '1245.000', '23369.63500', '19815.21600', '19841.63500', '2021-08-07 00:00:00', '2021-08-12 20:10:25', '2021-08-12 20:49:21', 0),
(140, 1, '1485.000', '11388.91000', '10535.88000', '10540.91000', '2021-08-08 00:00:00', '2021-08-12 20:49:21', '2021-08-19 16:50:02', 0),
(141, 2, '1085.000', '19815.21600', '16511.70500', '16552.21600', '2021-08-08 00:00:00', '2021-08-12 20:49:21', '2021-08-19 16:50:02', 0),
(142, 1, '1350.000', '10535.88000', '9406.34100', '9393.88000', '2021-08-09 00:00:00', '2021-08-19 16:50:02', '2021-08-19 16:58:23', 0),
(143, 2, '890.000', '16511.70500', '12609.03700', '12624.70500', '2021-08-09 00:00:00', '2021-08-19 16:50:02', '2021-08-19 16:58:23', 0),
(144, 1, '1260.000', '9406.34000', '8641.50000', '8680.34100', '2021-08-10 00:00:00', '2021-08-19 16:58:23', '2021-08-19 17:10:59', 0),
(145, 2, '690.000', '12609.03700', '8838.86800', '8833.03700', '2021-08-10 00:00:00', '2021-08-19 16:58:23', '2021-08-19 17:10:59', 0),
(146, 1, '1045.000', '8641.50000', '6803.00300', '6773.50000', '2021-08-11 00:00:00', '2021-08-19 17:10:59', '2021-08-19 18:00:36', 0),
(147, 2, '465.000', '8838.86800', '5029.17900', '4999.86800', '2021-08-11 00:00:00', '2021-08-19 17:10:59', '2021-08-19 18:00:36', 0),
(148, 1, '750.000', '6803.00000', '4352.98500', '4351.00300', '2021-08-12 00:00:00', '2021-08-19 18:00:36', '2021-08-19 18:09:25', 0),
(149, 2, '1115.000', '5029.17900', '17125.86300', '17151.17900', '2021-08-12 00:00:00', '2021-08-19 18:00:36', '2021-08-19 18:09:25', 0),
(150, 1, '610.000', '4352.99000', '3264.90800', '3247.98500', '2021-08-13 00:00:00', '2021-08-19 18:09:25', '2021-08-19 18:16:01', 0),
(151, 2, '890.000', '17125.86300', '12609.03700', '12620.86300', '2021-08-13 00:00:00', '2021-08-19 18:09:25', '2021-08-19 18:16:01', 0),
(152, 1, '510.000', '3264.91000', '2534.31300', '2543.90800', '2021-08-14 00:00:00', '2021-08-19 18:16:01', '2021-08-19 18:25:50', 0),
(153, 2, '670.000', '12609.03700', '8479.12000', '8461.03700', '2021-08-14 00:00:00', '2021-08-19 18:16:01', '2021-08-19 18:25:50', 0),
(154, 1, '390.000', '2534.31000', '1724.91800', '1721.31300', '2021-08-15 00:00:00', '2021-08-19 18:25:50', '2021-08-20 18:09:15', 0),
(155, 2, '495.000', '8479.12000', '5503.55100', '5432.12000', '2021-08-15 00:00:00', '2021-08-19 18:25:50', '2021-08-20 18:09:15', 0),
(156, 1, '1285.000', '1724.92000', '8844.75800', '8833.91800', '2021-08-16 00:00:00', '2021-08-20 18:09:15', '2021-08-20 18:18:05', 0),
(157, 2, '660.000', '5503.55100', '8300.60700', '8344.55100', '2021-08-16 00:00:00', '2021-08-20 18:09:15', '2021-08-20 18:18:05', 0),
(158, 1, '1130.000', '8844.76000', '7529.01800', '7508.75800', '2021-08-17 00:00:00', '2021-08-20 18:18:05', '2021-08-20 18:23:44', 0),
(159, 2, '425.000', '8300.60700', '4415.61500', '4433.60700', '2021-08-17 00:00:00', '2021-08-20 18:18:05', '2021-08-20 18:23:44', 0),
(160, 1, '990.000', '7529.02000', '6335.99400', '6289.01800', '2021-08-18 00:00:00', '2021-08-20 18:23:44', '2021-08-20 18:40:06', 0),
(161, 2, '245.000', '4415.61500', '1973.76600', '1960.61500', '2021-08-18 00:00:00', '2021-08-20 18:23:44', '2021-08-20 18:40:06', 0),
(162, 1, '880.000', '6335.99000', '5413.38000', '5399.99400', '2021-08-19 00:00:00', '2021-08-20 18:40:06', '2021-08-20 18:40:06', 1),
(163, 2, '105.000', '1973.76600', '562.54300', '658.76600', '2021-08-19 00:00:00', '2021-08-20 18:40:06', '2021-08-20 18:40:06', 1);

-- --------------------------------------------------------

--
-- Table structure for table `diprod_scale`
--

CREATE TABLE `diprod_scale` (
  `drs_id` int(11) NOT NULL,
  `fk_nozzel_type` int(11) NOT NULL,
  `fill` decimal(15,3) NOT NULL,
  `LT` decimal(15,5) NOT NULL,
  `LG` double(15,5) NOT NULL,
  `created_at` timestamp NOT NULL DEFAULT current_timestamp() ON UPDATE current_timestamp(),
  `updated_at` timestamp NOT NULL DEFAULT current_timestamp()
) ENGINE=InnoDB DEFAULT CHARSET=utf8mb4;

--
-- Dumping data for table `diprod_scale`
--

INSERT INTO `diprod_scale` (`drs_id`, `fk_nozzel_type`, `fill`, `LT`, `LG`, `created_at`, `updated_at`) VALUES
(1, 1, '1.420', '9995.91029', 2198.79000, '2021-07-09 11:14:34', '2021-07-02 01:32:38'),
(2, 1, '0.010', '7.45830', 1.64060, '2021-07-02 07:33:11', '2021-07-02 01:33:30'),
(3, 1, '0.015', '13.69295', 3.01203, '2021-07-02 07:33:11', '2021-07-02 01:34:13'),
(4, 1, '0.020', '21.06809', 4.63433, '2021-07-02 07:33:11', '2021-07-02 01:35:04'),
(5, 1, '0.025', '29.42455', 6.47250, '2021-07-02 07:33:11', '2021-07-02 01:35:30'),
(7, 1, '0.035', '48.67880', 10.70784, '2021-07-02 07:33:11', '2021-07-02 01:37:29'),
(8, 1, '0.040', '59.43554', 13.07399, '2021-07-02 07:33:11', '2021-07-02 01:37:47'),
(9, 1, '0.045', '70.87499', 15.59032, '2021-07-02 07:33:11', '2021-07-02 01:38:07'),
(10, 1, '0.050', '82.95581', 18.24773, '2021-07-02 07:33:11', '2021-07-02 01:38:35'),
(11, 1, '0.055', '95.64297', 21.03851, '2021-07-02 07:33:11', '2021-07-02 01:39:40'),
(12, 1, '0.060', '108.90621', 23.95602, '2021-07-02 07:33:11', '2021-07-02 01:40:03'),
(13, 1, '0.065', '122.71911', 26.99443, '2021-07-02 07:33:11', '2021-07-02 01:41:00'),
(14, 1, '0.070', '137.05826', 30.14860, '2021-07-02 07:33:11', '2021-07-02 01:41:20'),
(15, 1, '0.075', '151.90274', 33.41393, '2021-07-02 07:33:11', '2021-07-02 01:43:59'),
(16, 1, '0.080', '167.23372', 36.78627, '2021-07-02 07:33:11', '2021-07-02 01:44:26'),
(17, 1, '0.085', '183.03409', 40.26187, '2021-07-02 07:33:11', '2021-07-02 02:05:19'),
(18, 1, '0.090', '199.28825', 43.83729, '2021-07-02 07:33:11', '2021-07-02 02:05:35'),
(19, 1, '0.095', '215.98185', 47.50937, '2021-07-02 07:33:11', '2021-07-02 02:06:05'),
(20, 1, '0.100', '233.10165', 51.27520, '2021-07-02 07:33:11', '2021-07-02 02:09:11'),
(21, 1, '0.105', '250.63539', 55.13208, '2021-07-02 07:33:11', '2021-07-02 02:09:29'),
(22, 1, '0.110', '268.57163', 59.07750, '2021-07-02 07:33:11', '2021-07-02 02:10:00'),
(23, 1, '0.115', '286.89972', 63.10912, '2021-07-02 07:33:11', '2021-07-02 02:10:27'),
(24, 1, '0.120', '305.60965', 67.22472, '2021-07-02 07:33:11', '2021-07-02 02:10:47'),
(25, 1, '0.125', '324.69202', 71.42226, '2021-07-02 07:33:11', '2021-07-02 02:13:23'),
(26, 1, '0.130', '344.13799', 75.69977, '2021-07-02 07:33:11', '2021-07-02 02:13:38'),
(27, 1, '0.135', '363.93917', 80.05543, '2021-07-02 07:33:11', '2021-07-02 02:14:32'),
(28, 1, '0.140', '384.08765', 84.48747, '2021-07-02 07:33:11', '2021-07-02 02:14:59'),
(29, 1, '0.145', '404.57589', 88.99425, '2021-07-02 07:33:11', '2021-07-02 02:15:27'),
(30, 1, '0.150', '425.39675', 93.57420, '2021-07-02 07:33:11', '2021-07-02 02:15:51'),
(31, 1, '0.155', '446.54341', 98.22582, '2021-07-02 07:33:11', '2021-07-02 02:16:04'),
(32, 1, '0.160', '468.00935', 102.94767, '2021-07-02 07:33:11', '2021-07-02 02:16:21'),
(33, 1, '0.165', '489.78836', 107.73838, '2021-07-02 07:33:11', '2021-07-02 02:16:44'),
(34, 1, '0.170', '511.87449', 112.59665, '2021-07-02 07:33:11', '2021-07-02 02:17:16'),
(35, 1, '0.175', '534.26202', 117.52121, '2021-07-02 07:33:11', '2021-07-02 02:17:38'),
(36, 1, '0.180', '556.94546', 122.51087, '2021-07-02 07:33:11', '2021-07-02 02:17:54'),
(37, 1, '0.185', '579.91956', 127.56447, '2021-07-02 07:33:11', '2021-07-02 02:18:12'),
(38, 1, '0.190', '603.17922', 132.68088, '2021-07-02 07:33:11', '2021-07-02 02:18:26'),
(39, 1, '0.195', '626.71957', 137.85903, '2021-07-02 07:33:11', '2021-07-02 02:18:48'),
(40, 1, '0.200', '650.53589', 143.09789, '2021-07-02 07:33:11', '2021-07-02 02:19:21'),
(41, 1, '0.205', '674.62362', 148.39645, '2021-07-02 07:33:11', '2021-07-02 02:22:41'),
(42, 1, '0.210', '698.97837', 153.75375, '2021-07-02 07:33:11', '2021-07-02 02:23:19'),
(43, 1, '0.215', '723.59587', 159.16884, '2021-07-02 07:33:11', '2021-07-02 02:23:50'),
(44, 1, '0.220', '748.47199', 164.64082, '2021-07-02 07:33:11', '2021-07-02 02:24:31'),
(45, 1, '0.225', '773.60275', 170.16882, '2021-07-02 07:33:11', '2021-07-02 02:24:59'),
(46, 1, '0.230', '798.98427', 175.75197, '2021-07-02 07:33:11', '2021-07-02 02:28:05'),
(100, 1, '0.235', '824.61279', 181.38946, '2021-07-02 02:35:15', '2021-07-02 02:35:15'),
(101, 1, '0.240', '850.48464', 187.08047, '2021-07-02 02:35:53', '2021-07-02 02:35:53'),
(102, 1, '0.245', '876.59629', 192.82423, '2021-07-02 02:37:14', '2021-07-02 02:37:14'),
(103, 1, '0.250', '902.94427', 198.61997, '2021-07-02 02:37:44', '2021-07-02 02:37:44'),
(104, 1, '0.255', '929.52522', 204.46696, '2021-07-02 02:38:26', '2021-07-02 02:38:26'),
(105, 1, '0.260', '956.33586', 210.36448, '2021-07-02 02:39:06', '2021-07-02 02:39:06'),
(106, 1, '0.265', '983.37301', 216.31182, '2021-07-02 02:39:32', '2021-07-02 02:39:32'),
(107, 1, '0.270', '1010.63354', 222.30830, '2021-07-02 03:55:10', '2021-07-02 03:55:10'),
(108, 1, '0.275', '1038.11444', 228.35325, '2021-07-02 03:55:38', '2021-07-02 03:55:38'),
(109, 1, '0.280', '1065.81272', 234.44602, '2021-07-02 03:56:18', '2021-07-02 03:56:18'),
(110, 1, '0.285', '1092.72550', 240.58598, '2021-07-02 03:56:47', '2021-07-02 03:56:47'),
(111, 1, '0.290', '1121.84994', 246.77249, '2021-07-02 03:57:40', '2021-07-02 03:57:40'),
(112, 1, '0.295', '1150.18329', 253.00495, '2021-07-02 03:58:07', '2021-07-02 03:58:07'),
(113, 1, '0.300', '1178.72283', 259.28277, '2021-07-02 09:01:55', '2021-07-02 04:01:30'),
(114, 1, '0.305', '1207.46592', 265.60537, '2021-07-02 04:03:05', '2021-07-02 04:03:05'),
(115, 1, '0.310', '1236.40998', 271.97217, '2021-07-02 04:03:30', '2021-07-02 04:03:30'),
(116, 1, '0.315', '1265.55246', 278.38262, '2021-07-02 04:03:58', '2021-07-02 04:03:58'),
(117, 1, '0.320', '1294.89088', 1324.42280, '2021-07-02 04:04:33', '2021-07-02 04:04:33'),
(118, 1, '0.325', '1324.42280', 291.33229, '2021-07-02 04:05:15', '2021-07-02 04:05:15'),
(119, 1, '0.330', '1354.14584', 297.87044, '2021-07-02 04:06:05', '2021-07-02 04:06:05'),
(120, 1, '0.335', '1384.05765', 304.45012, '2021-07-02 04:09:30', '2021-07-02 04:09:30'),
(121, 1, '0.340', '1414.15593', 311.07082, '2021-07-02 04:11:58', '2021-07-02 04:11:58'),
(122, 1, '0.345', '1444.43843', 317.73204, '2021-07-02 04:12:18', '2021-07-02 04:12:18'),
(123, 1, '0.350', '1474.90294', 324.43329, '2021-07-02 04:12:35', '2021-07-02 04:12:35'),
(124, 1, '0.355', '1505.54727', 331.17410, '2021-07-02 04:13:08', '2021-07-02 04:13:08'),
(125, 1, '0.360', '1536.36929', 337.95400, '2021-07-02 04:13:29', '2021-07-02 04:13:29'),
(126, 1, '0.365', '1567.36691', 344.77252, '2021-07-02 04:13:46', '2021-07-02 04:13:46'),
(127, 1, '0.370', '1598.53804', 351.62921, '2021-07-02 04:14:07', '2021-07-02 04:14:07'),
(128, 1, '0.375', '1629.88067', 358.52363, '2021-07-02 04:14:33', '2021-07-02 04:14:33'),
(129, 1, '0.380', '1661.39280', 365.45332, '2021-07-02 04:15:35', '2021-07-02 04:15:35'),
(130, 1, '0.385', '1693.07245', 372.42387, '2021-07-02 04:15:58', '2021-07-02 04:15:58'),
(131, 1, '0.390', '1724.91770', 379.42885, '2021-07-02 04:16:15', '2021-07-02 04:16:15'),
(132, 1, '0.395', '1756.92664', 386.46983, '2021-07-02 04:16:36', '2021-07-02 04:16:36'),
(133, 1, '0.400', '1789.09740', 393.54641, '2021-07-02 04:16:52', '2021-07-02 04:16:52'),
(134, 1, '0.405', '1821.42812', 400.65817, '2021-07-02 04:17:06', '2021-07-02 04:17:06'),
(135, 1, '0.410', '1853.91699', 407.80473, '2021-07-02 04:17:33', '2021-07-02 04:17:33'),
(136, 1, '0.415', '1886.56222', 414.98567, '2021-07-02 04:17:51', '2021-07-02 04:17:51'),
(137, 1, '0.420', '1919.36203', 482.20062, '2021-07-02 04:18:17', '2021-07-02 04:18:17'),
(138, 1, '0.425', '1952.31469', 429.44919, '2021-07-02 04:18:43', '2021-07-02 04:18:43'),
(139, 1, '0.430', '1985.41847', 436.73101, '2021-07-02 04:19:04', '2021-07-02 04:19:04'),
(140, 1, '0.435', '218.67167', 444.04569, '2021-07-02 04:19:58', '2021-07-02 04:19:58'),
(141, 1, '0.440', '2052.07264', 451.39288, '2021-07-02 04:20:14', '2021-07-02 04:20:14'),
(142, 1, '0.445', '2085.61970', 458.77220, '2021-07-02 04:20:47', '2021-07-02 04:20:47'),
(143, 1, '0.450', '2119.31125', 466.18330, '2021-07-02 04:21:28', '2021-07-02 04:21:28'),
(144, 1, '0.455', '2153.14566', 473.62583, '2021-07-02 04:21:44', '2021-07-02 04:21:44'),
(145, 1, '0.460', '2187.12135', 481.09944, '2021-07-02 04:22:04', '2021-07-02 04:22:04'),
(146, 1, '0.465', '2221.23675', 488.60378, '2021-07-02 04:24:50', '2021-07-02 04:24:50'),
(147, 1, '0.470', '2255.49032', 496.13851, '2021-07-02 04:25:13', '2021-07-02 04:25:13'),
(148, 1, '0.475', '2289.88051', 503.70330, '2021-07-02 04:25:53', '2021-07-02 04:25:53'),
(149, 1, '0.480', '2324.40583', 511.29780, '2021-07-02 04:26:09', '2021-07-02 04:26:09'),
(150, 1, '0.485', '2359.06477', 518.92170, '2021-07-02 04:26:27', '2021-07-02 04:26:27'),
(151, 1, '0.490', '2393.85586', 526.57467, '2021-07-02 04:26:55', '2021-07-02 04:26:55'),
(152, 1, '0.495', '2428.77764', 534.25639, '2021-07-02 04:27:19', '2021-07-02 04:27:19'),
(153, 1, '0.500', '2463.82865', 541.96654, '2021-07-02 04:27:36', '2021-07-02 04:27:36'),
(154, 1, '0.505', '2499.00749', 549.70480, '2021-07-02 05:14:38', '2021-07-02 05:14:38'),
(155, 1, '0.510', '2534.31272', 557.47086, '2021-07-02 05:29:51', '2021-07-02 05:29:51'),
(156, 1, '0.515', '2569.74296', 565.26443, '2021-07-02 05:31:08', '2021-07-02 05:31:08'),
(157, 1, '0.520', '2605.29682', 573.08518, '2021-07-02 05:33:24', '2021-07-02 05:33:24'),
(158, 1, '0.525', '2640.97293', 580.93283, '2021-07-02 05:34:16', '2021-07-02 05:34:16'),
(159, 1, '0.530', '2676.76994', 588.80707, '2021-07-02 05:45:25', '2021-07-02 05:45:25'),
(160, 1, '0.535', '2712.68650', 596.70761, '2021-07-02 05:46:07', '2021-07-02 05:46:07'),
(161, 1, '0.540', '2748.72130', 604.63416, '2021-07-02 05:46:52', '2021-07-02 05:46:52'),
(162, 1, '0.545', '2784.87301', 612.58642, '2021-07-02 10:48:12', '2021-07-02 05:47:24'),
(163, 1, '0.550', '2821.14033', 620.56412, '2021-07-02 05:50:06', '2021-07-02 05:50:06'),
(164, 1, '0.555', '2857.52198', 628.56696, '2021-07-02 06:00:41', '2021-07-02 06:00:41'),
(165, 1, '0.560', '2894.01667', 636.59467, '2021-07-02 07:10:08', '2021-07-02 07:10:08'),
(166, 1, '0.565', '2930.62314', 644.64697, '2021-07-02 07:11:00', '2021-07-02 07:11:00'),
(167, 1, '0.570', '2967.34014', 652.72358, '2021-07-02 07:11:43', '2021-07-02 07:11:43'),
(168, 1, '0.575', '3004.16643', 660.82423, '2021-07-02 07:12:36', '2021-07-02 07:12:36'),
(169, 1, '0.580', '3041.10077', 668.94865, '2021-07-02 07:13:21', '2021-07-02 07:13:21'),
(170, 1, '0.585', '3078.14194', 677.09657, '2021-07-02 07:17:06', '2021-07-02 07:17:06'),
(171, 1, '0.590', '3115.28873', 685.94865, '2021-07-02 07:17:55', '2021-07-02 07:17:55'),
(172, 1, '0.595', '3152.53995', 693.46184, '2021-07-02 07:18:38', '2021-07-02 07:18:38'),
(173, 1, '0.600', '3189.89440', 701.67867, '2021-07-02 07:19:52', '2021-07-02 07:19:52'),
(174, 1, '0.605', '3227.35089', 709.91795, '2021-07-02 07:20:39', '2021-07-02 07:20:39'),
(175, 1, '0.610', '3264.90828', 718.17942, '2021-07-02 07:21:31', '2021-07-02 07:21:31'),
(176, 1, '0.615', '3308.56538', 726.46282, '2021-07-02 07:22:13', '2021-07-02 07:22:13'),
(177, 1, '0.620', '3340.32105', 734.76791, '2021-07-02 07:23:03', '2021-07-02 07:23:03'),
(178, 1, '0.625', '3378.17415', 743.09443, '2021-07-02 07:23:58', '2021-07-02 07:23:58'),
(179, 1, '0.630', '3416.12353', 751.44213, '2021-07-02 07:24:31', '2021-07-02 07:24:31'),
(180, 1, '0.630', '3416.12353', 751.44213, '2021-07-02 07:24:31', '2021-07-02 07:24:31'),
(181, 1, '0.635', '3454.16809', 795.81076, '2021-07-02 07:25:20', '2021-07-02 07:25:20'),
(182, 1, '0.640', '3492.30669', 768.20008, '2021-07-02 07:26:01', '2021-07-02 07:26:01'),
(183, 1, '0.645', '3530.53824', 776.60984, '2021-07-02 07:27:37', '2021-07-02 07:27:37'),
(184, 1, '0.650', '3568.86163', 785.03981, '2021-07-02 07:29:07', '2021-07-02 07:29:07'),
(185, 1, '0.655', '3607.27576', 793.48974, '2021-07-02 07:29:50', '2021-07-02 07:29:50'),
(186, 1, '0.660', '3545.77956', 801.95939, '2021-07-02 07:32:04', '2021-07-02 07:32:04'),
(187, 1, '0.665', '384.37194', 810.44853, '2021-07-02 07:32:43', '2021-07-02 07:32:43'),
(188, 1, '0.670', '3723.05183', 818.95691, '2021-07-02 07:33:41', '2021-07-02 07:33:41'),
(189, 1, '0.675', '3761.81818', 827.48432, '2021-07-02 07:35:50', '2021-07-02 07:35:50'),
(190, 1, '0.680', '3800.66993', 836.03051, '2021-07-02 07:37:20', '2021-07-02 07:37:20'),
(191, 1, '0.685', '3839.60602', 844.59525, '2021-07-02 07:38:43', '2021-07-02 07:38:43'),
(192, 1, '0.690', '3878.62541', 853.17832, '2021-07-02 07:39:20', '2021-07-02 07:39:20'),
(193, 1, '0.695', '3917.72708', 861.77948, '2021-07-02 07:39:55', '2021-07-02 07:39:55'),
(194, 1, '0.700', '3956.90999', 870.39852, '2021-07-02 07:40:31', '2021-07-02 07:40:31'),
(195, 1, '0.705', '3996.17312', 879.03520, '2021-07-02 07:41:08', '2021-07-02 07:41:08'),
(196, 1, '0.710', '4035.51545', 887.68930, '2021-07-02 07:41:39', '2021-07-02 07:41:39'),
(197, 1, '0.715', '4074.93597', 896.36060, '2021-07-02 07:42:19', '2021-07-02 07:42:19'),
(198, 1, '0.720', '4114.43368', 905.04888, '2021-07-02 07:43:01', '2021-07-02 07:43:01'),
(199, 1, '0.725', '4154.00758', 913.75393, '2021-07-02 07:43:43', '2021-07-02 07:43:43'),
(200, 1, '0.730', '4193.65668', 922.47551, '2021-07-02 07:44:23', '2021-07-02 07:44:23'),
(201, 1, '0.735', '4233.37999', 931.21342, '2021-07-02 07:45:06', '2021-07-02 07:45:06'),
(202, 1, '0.740', '4273.16510', 939.96743, '2021-07-02 07:47:17', '2021-07-02 07:47:17'),
(203, 1, '0.745', '4313.04533', 948.73734, '2021-07-02 07:47:47', '2021-07-02 07:47:47'),
(204, 1, '0.750', '4352.98541', 957.52293, '2021-07-02 07:48:25', '2021-07-02 07:48:25'),
(205, 1, '0.755', '492.99581', 966.32399, '2021-07-02 07:57:18', '2021-07-02 07:57:18'),
(206, 1, '0.760', '4433.07556', 975.14030, '2021-07-02 07:58:16', '2021-07-02 07:58:16'),
(207, 1, '0.765', '4473.22372', 983.97166, '2021-07-02 07:58:59', '2021-07-02 07:58:59'),
(208, 1, '0.770', '4513.43933', 992.81786, '2021-07-02 07:59:48', '2021-07-02 07:59:48'),
(209, 1, '0.775', '4553.72144', 1001.67868, '2021-07-02 08:00:22', '2021-07-02 08:00:22'),
(210, 1, '0.780', '4594.06913', 1010.55393, '2021-07-02 08:01:01', '2021-07-02 08:01:01'),
(211, 1, '0.785', '4634.48144', 1019.44340, '2021-07-02 08:01:53', '2021-07-02 08:01:53'),
(212, 1, '0.790', '4674.95744', 1028.34687, '2021-07-02 08:02:38', '2021-07-02 08:02:38'),
(213, 1, '0.795', '4715.49622', 1037.26416, '2021-07-02 08:03:18', '2021-07-02 08:03:18'),
(214, 1, '0.800', '10876.88043', 2392.57921, '2021-08-12 16:49:44', '2021-07-02 08:04:08'),
(215, 1, '0.805', '4796.75840', 1055.13934, '2021-07-02 08:05:38', '2021-07-02 08:05:38'),
(216, 1, '0.810', '4837.47996', 1064.09683, '2021-07-02 08:07:21', '2021-07-02 08:07:21'),
(217, 1, '0.815', '4878.26063', 1073.06732, '2021-07-02 08:08:44', '2021-07-02 08:08:44'),
(218, 1, '0.820', '4919.09949', 1082.05062, '2021-07-02 08:13:24', '2021-07-02 08:13:24'),
(219, 1, '0.825', '4959.99564', 1091.04651, '2021-07-02 08:14:28', '2021-07-02 08:14:28'),
(220, 1, '0.830', '5000.94818', 1100.05481, '2021-07-02 08:15:07', '2021-07-02 08:15:07'),
(221, 1, '0.835', '5041.95652', 1109.07532, '2021-07-02 08:16:19', '2021-07-02 08:16:19'),
(222, 1, '0.840', '5083.01837', 1118.10784, '2021-07-02 08:17:47', '2021-07-02 08:17:47'),
(223, 1, '0.850', '5165.30443', 1136.20813, '2021-07-02 08:18:45', '2021-07-02 08:18:45'),
(224, 1, '0.855', '5206.52557', 1145.27552, '2021-07-02 08:19:45', '2021-07-02 08:19:45'),
(225, 1, '0.860', '5247.79772', 1154.35414, '2021-07-02 08:20:55', '2021-07-02 08:20:55'),
(226, 1, '0.870', '5330.49195', 1172.54431, '2021-07-02 08:21:29', '2021-07-02 08:21:29'),
(227, 1, '0.875', '371.91214', 1181.65548, '2021-07-02 08:22:09', '2021-07-02 08:22:09'),
(228, 1, '0.880', '5413.37993', 1190.77711, '2021-07-02 08:23:35', '2021-07-02 08:23:35'),
(229, 1, '0.885', '5454.89445', 1199.90903, '2021-07-02 08:24:20', '2021-07-02 08:24:20'),
(230, 1, '0.890', '5496.45484', 1209.05104, '2021-07-02 08:25:00', '2021-07-02 08:25:00'),
(231, 1, '0.895', '5538.06024', 1218.20295, '2021-07-02 08:28:02', '2021-07-02 08:28:02'),
(232, 1, '0.900', '5579.70980', 1227.36457, '2021-07-02 08:28:45', '2021-07-02 08:28:45'),
(233, 1, '0.905', '5621.40267', 1236.53572, '2021-07-02 08:29:35', '2021-07-02 08:29:35'),
(234, 1, '0.910', '5663.13799', 1245.71621, '2021-07-02 08:30:16', '2021-07-02 08:30:16'),
(235, 1, '0.915', '5704.91493', 1254.90585, '2021-07-02 08:31:09', '2021-07-02 08:31:09'),
(236, 1, '0.920', '5746.73264', 1264.10446, '2021-07-02 08:32:07', '2021-07-02 08:32:07'),
(237, 1, '0.925', '5788.59027', 1273.31185, '2021-07-02 08:32:49', '2021-07-02 08:32:49'),
(238, 1, '0.930', '5830.48599', 1282.52784, '2021-07-02 08:33:36', '2021-07-02 08:33:36'),
(239, 1, '0.935', '5872.42197', 1291.75225, '2021-07-02 08:35:09', '2021-07-02 08:35:09'),
(240, 1, '0.940', '5914.39437', 1300.98488, '2021-07-02 08:36:12', '2021-07-02 08:36:12'),
(241, 1, '0.945', '5956.40335', 1310.22557, '2021-07-02 08:37:13', '2021-07-02 08:37:13'),
(242, 1, '0.950', '5998.44809', 1319.47412, '2021-07-02 08:37:54', '2021-07-02 08:37:54'),
(243, 1, '0.955', '6040.52776', 1328.73035, '2021-07-02 08:38:41', '2021-07-02 08:38:41'),
(244, 1, '0.960', '6082.64153', 1337.99409, '2021-07-02 08:39:39', '2021-07-02 08:39:39'),
(245, 1, '0.970', '6166.96810', 1356.54334, '2021-07-02 08:40:27', '2021-07-02 08:40:27'),
(246, 1, '0.975', '6209.17925', 1365.82849, '2021-07-02 08:41:06', '2021-07-02 08:41:06'),
(247, 1, '0.980', '6251.42123', 1375.12043, '2021-07-02 09:03:38', '2021-07-02 09:03:38'),
(248, 1, '0.985', '6293.69321', 1384.41896, '2021-07-02 09:04:03', '2021-07-02 09:04:03'),
(249, 1, '0.990', '6335.99439', 1393.72392, '2021-07-02 09:04:20', '2021-07-02 09:04:20'),
(250, 1, '0.995', '6378.32394', 1403.03512, '2021-07-02 09:04:43', '2021-07-02 09:04:43'),
(251, 1, '1.000', '6420.68106', 1412.35239, '2021-07-02 09:05:25', '2021-07-02 09:05:25'),
(252, 1, '1.005', '6463.06494', 1421.67554, '2021-07-02 09:05:53', '2021-07-02 09:05:53'),
(253, 1, '1.010', '6505.47477', 1431.00440, '2021-07-02 09:06:18', '2021-07-02 09:06:18'),
(254, 1, '1.015', '6547.90975', 1440.33878, '2021-07-02 09:07:06', '2021-07-02 09:07:06'),
(255, 1, '1.020', '6590.36906', 1449.67853, '2021-07-02 09:07:36', '2021-07-02 09:07:36'),
(256, 1, '1.025', '6632.85191', 1459.02345, '2021-07-02 09:08:16', '2021-07-02 09:08:16'),
(257, 1, '1.030', '6675.35750', 1468.37337, '2021-07-02 09:08:37', '2021-07-02 09:08:37'),
(258, 1, '1.035', '6717.88502', 1477.72812, '2021-07-02 09:08:54', '2021-07-02 09:08:54'),
(259, 1, '1.040', '6760.43367', 1487.08751, '2021-07-02 09:09:15', '2021-07-02 09:09:15'),
(260, 1, '1.045', '6803.00266', 1496.45138, '2021-07-02 09:09:33', '2021-07-02 09:09:33'),
(261, 1, '1.050', '6845.59118', 1505.81955, '2021-07-02 09:09:51', '2021-07-02 09:09:51'),
(262, 1, '1.055', '6888.19845', 1515.19184, '2021-07-02 09:10:10', '2021-07-02 09:10:10'),
(263, 1, '1.060', '6930.82366', 1524.56807, '2021-07-02 09:10:25', '2021-07-02 09:10:25'),
(264, 1, '1.065', '6973.46603', 1533.94808, '2021-07-02 09:10:41', '2021-07-02 09:10:41'),
(265, 1, '1.070', '7016.12475', 1543.33169, '2021-07-02 09:10:55', '2021-07-02 09:10:55'),
(266, 1, '1.075', '7058.79904', 1552.71872, '2021-07-02 09:11:16', '2021-07-02 09:11:16'),
(267, 1, '1.080', '7101.48811', 1562.10900, '2021-07-02 09:11:30', '2021-07-02 09:11:30'),
(268, 1, '1.085', '7144.19116', 1571.50236, '2021-07-02 09:11:51', '2021-07-02 09:11:51'),
(269, 1, '1.090', '7286.90740', 1580.89862, '2021-07-02 09:12:11', '2021-07-02 09:12:11'),
(270, 1, '1.095', '7229.63605', 1590.29761, '2021-07-02 09:12:31', '2021-07-02 09:12:31'),
(271, 1, '1.100', '7272.37632', 1599.69915, '2021-07-02 09:12:50', '2021-07-02 09:12:50'),
(272, 1, '1.105', '7315.12742', 1609.10308, '2021-07-02 09:13:08', '2021-07-02 09:13:08'),
(273, 1, '1.110', '7357.88855', 1618.50921, '2021-07-02 09:13:26', '2021-07-02 09:13:26'),
(274, 1, '1.115', '7400.65895', 1627.91739, '2021-07-02 09:13:46', '2021-07-02 09:13:46'),
(275, 1, '1.120', '7443.43781', 1637.32742, '2021-07-02 09:14:08', '2021-07-02 09:14:08'),
(276, 1, '1.125', '7486.22436', 1646.73915, '2021-07-02 09:14:26', '2021-07-02 09:14:26'),
(277, 1, '1.130', '7529.01781', 1656.15239, '2021-07-02 09:14:45', '2021-07-02 09:14:45'),
(278, 1, '1.135', '7571.81737', 1665.56697, '2021-07-02 09:15:35', '2021-07-02 09:15:35'),
(279, 1, '1.140', '7614.62225', 1674.98273, '2021-07-02 09:17:13', '2021-07-02 09:17:13'),
(280, 1, '1.145', '7657.43169', 1684.39949, '2021-07-02 09:17:43', '2021-07-02 09:17:43'),
(281, 1, '1.150', '7700.24488', 1693.81708, '2021-07-02 10:51:20', '2021-07-02 10:51:20'),
(282, 1, '10155.000', '7743.06105', 1703.23532, '2021-07-02 10:51:39', '2021-07-02 10:51:39'),
(283, 1, '1.160', '7785.87942', 1712.65404, '2021-07-02 10:52:00', '2021-07-02 10:52:00'),
(284, 1, '1.165', '7828.69919', 1722.07308, '2021-07-02 10:52:40', '2021-07-02 10:52:40'),
(285, 1, '1.169', '7862.95550', 1729.60841, '2021-07-02 10:53:19', '2021-07-02 10:53:19'),
(286, 1, '1.170', '7871.51960', 1731.49225, '2021-07-02 10:53:34', '2021-07-02 10:53:34'),
(287, 1, '1.175', '7914.33984', 1740.91139, '2021-07-02 10:53:53', '2021-07-02 10:53:53'),
(288, 1, '1.180', '7957.15915', 1750.33032, '2021-07-02 10:54:12', '2021-07-02 10:54:12'),
(289, 1, '1.185', '7999.97673', 1759.74887, '2021-07-02 10:54:35', '2021-07-02 10:54:35'),
(290, 1, '1.190', '8042.79180', 1769.16687, '2021-07-02 10:55:05', '2021-07-02 10:55:05'),
(291, 1, '1.195', '8085.60359', 1778.58414, '2021-07-02 10:55:29', '2021-07-02 10:55:29'),
(292, 1, '1.200', '8128.41130', 1788.00052, '2021-07-02 10:55:52', '2021-07-02 10:55:52'),
(293, 1, '1.205', '8171.21415', 1797.41583, '2021-07-02 10:56:13', '2021-07-02 10:56:13'),
(294, 1, '1.210', '8214.01136', 1806.82990, '2021-07-02 10:56:28', '2021-07-02 10:56:28'),
(295, 1, '1.215', '8256.80214', 1816.24256, '2021-07-02 10:56:50', '2021-07-02 10:56:50'),
(296, 1, '1.220', '8299.58571', 1825.65363, '2021-07-02 10:57:11', '2021-07-02 10:57:11'),
(297, 1, '1.225', '8342.36128', 1835.06294, '2021-07-02 10:57:28', '2021-07-02 10:57:28'),
(298, 1, '1.230', '8385.12806', 1844.47032, '2021-07-02 10:57:46', '2021-07-02 10:57:46'),
(299, 1, '1.235', '8427.88528', 1853.87559, '2021-07-02 10:58:06', '2021-07-02 10:58:06'),
(300, 1, '1.240', '8470.63214', 1863.27858, '2021-07-02 10:58:30', '2021-07-02 10:58:30'),
(301, 1, '1.245', '8513.36785', 1872.67913, '2021-07-02 10:58:49', '2021-07-02 10:58:49'),
(302, 1, '1.250', '8556.09164', 1882.07705, '2021-07-02 11:00:02', '2021-07-02 11:00:02'),
(303, 1, '1.255', '8598.80270', 1891.47217, '2021-07-02 11:02:50', '2021-07-02 11:02:50'),
(304, 1, '1.260', '8641.50025', 1900.86431, '2021-07-02 11:04:29', '2021-07-02 11:04:29'),
(305, 1, '1.265', '8684.18350', 1910.25332, '2021-07-02 11:10:28', '2021-07-02 11:10:28'),
(306, 1, '1.270', '8726.81166', 1919.63900, '2021-07-02 11:11:00', '2021-07-02 11:11:00'),
(307, 1, '1.275', '8769.50393', 1929.02119, '2021-07-02 11:11:18', '2021-07-02 11:11:18'),
(308, 1, '1.280', '8812.13953', 1938.39971, '2021-07-02 11:11:34', '2021-07-02 11:11:34'),
(309, 1, '1.285', '8844.75766', 1947.77439, '2021-07-02 11:11:52', '2021-07-02 11:11:52'),
(310, 1, '1.290', '8897.35753', 1957.14505, '2021-07-02 11:12:23', '2021-07-02 11:12:23'),
(311, 2, '0.005', '5.90965', 1.29994, '2021-07-07 07:01:26', '2021-07-07 07:01:26'),
(312, 2, '0.010', '16.70601', 3.67481, '2021-07-07 07:03:27', '2021-07-07 07:03:27'),
(313, 2, '0.015', '30.67435', 6.74741, '2021-07-07 07:04:44', '2021-07-07 07:04:44'),
(314, 2, '0.020', '47.20074', 10.38271, '2021-07-07 07:05:57', '2021-07-07 07:05:57'),
(315, 2, '0.025', '65.92938', 14.30244, '2021-07-07 07:19:13', '2021-07-07 07:19:13'),
(316, 2, '0.030', '86.61949', 19.03363, '2021-07-07 07:23:39', '2021-07-07 07:23:39'),
(317, 2, '0.035', '100.09387', 23.99730, '2021-07-07 07:24:33', '2021-07-07 07:24:33'),
(318, 2, '0.040', '133.21482', 29.30316, '2021-07-07 07:25:17', '2021-07-07 07:25:17'),
(319, 2, '0.045', '158.87125', 34.94679, '2021-07-07 07:26:54', '2021-07-07 07:26:54'),
(320, 2, '0.050', '185.97100', 40.90790, '2021-07-07 07:28:28', '2021-07-07 07:28:28'),
(321, 2, '0.055', '214.43599', 47.16932, '2021-07-07 07:30:26', '2021-07-07 07:30:26'),
(322, 2, '0.060', '244.19886', 53.71624, '2021-07-07 07:31:16', '2021-07-07 07:31:16'),
(323, 2, '0.065', '275.20077', 60.53571, '2021-07-07 07:31:59', '2021-07-07 07:31:59'),
(324, 2, '0.070', '307.38964', 67.61627, '2021-07-07 07:37:29', '2021-07-07 07:37:29'),
(325, 2, '0.075', '340.71899', 74.94770, '2021-07-07 07:39:27', '2021-07-07 07:39:27'),
(326, 2, '0.080', '375.14694', 82.52079, '2021-07-07 07:40:22', '2021-07-07 07:40:22'),
(327, 2, '0.085', '410.63552', 90.32719, '2021-07-07 07:42:28', '2021-07-07 07:42:28'),
(328, 2, '0.090', '447.15007', 98.35927, '2021-07-07 07:43:27', '2021-07-07 07:43:27'),
(329, 2, '0.095', '484.65877', 106.61003, '2021-07-07 07:44:11', '2021-07-07 07:44:11'),
(330, 2, '0.100', '523.13226', 115.07301, '2021-07-07 07:44:53', '2021-07-07 07:44:53'),
(331, 2, '0.105', '562.54336', 123.74224, '2021-07-07 07:45:34', '2021-07-07 07:45:34'),
(332, 2, '0.110', '2.86675', 132.61215, '2021-07-07 07:46:13', '2021-07-07 07:46:13'),
(333, 2, '0.115', '644.07884', 141.67754, '2021-07-07 07:46:56', '2021-07-07 07:46:56'),
(334, 2, '0.120', '686.15750', 150.93355, '2021-07-07 07:47:35', '2021-07-07 07:47:35'),
(335, 2, '0.125', '729.08195', 160.37561, '2021-07-07 07:48:25', '2021-07-07 07:48:25'),
(336, 2, '0.130', '772.83261', 169.99941, '2021-07-07 07:49:18', '2021-07-07 07:49:18'),
(337, 2, '0.135', '817.39101', 179.80089, '2021-07-07 07:50:03', '2021-07-07 07:50:03'),
(338, 2, '0.140', '862.73965', 189.77619, '2021-07-07 07:50:47', '2021-07-07 07:50:47'),
(339, 2, '0.145', '908.86192', 199.92167, '2021-07-07 07:51:24', '2021-07-07 07:51:24'),
(340, 2, '0.150', '955.74206', 210.23386, '2021-07-07 07:52:09', '2021-07-07 07:52:09'),
(341, 2, '0.155', '1003.36504', 220.70945, '2021-07-07 07:53:02', '2021-07-07 07:53:02'),
(342, 2, '0.160', '1051.71653', 231.34529, '2021-07-07 07:54:00', '2021-07-07 07:54:00'),
(343, 2, '0.165', '1100.78285', 242.13836, '2021-07-07 07:54:49', '2021-07-07 07:54:49'),
(344, 2, '0.170', '1150.55088', 253.08581, '2021-07-07 07:55:30', '2021-07-07 07:55:30'),
(345, 2, '0.175', '1201.00808', 264.18485, '2021-07-07 07:56:04', '2021-07-07 07:56:04'),
(346, 2, '0.180', '1252.14241', 275.43282, '2021-07-14 20:45:25', '2021-07-07 07:56:42'),
(347, 2, '0.185', '1303.94228', 286.82720, '2021-07-07 07:57:21', '2021-07-07 07:57:21'),
(348, 2, '0.190', '1356.39656', 298.36553, '2021-07-07 07:58:05', '2021-07-07 07:58:05'),
(349, 2, '0.195', '1409.49453', 310.04545, '2021-07-07 07:58:42', '2021-07-07 07:58:42'),
(350, 2, '0.200', '1463.22586', 321.86469, '2021-07-07 07:59:23', '2021-07-07 07:59:23'),
(351, 2, '0.205', '1517.58057', 333.82106, '2021-07-07 08:00:02', '2021-07-07 08:00:02'),
(352, 2, '0.210', '1572.54902', 345.91243, '2021-07-07 08:03:35', '2021-07-07 08:03:35'),
(353, 2, '0.215', '1628.12189', 358.13675, '2021-07-07 08:04:11', '2021-07-07 08:04:11'),
(354, 2, '0.220', '1684.29018', 370.49205, '2021-07-07 08:04:48', '2021-07-07 08:04:48'),
(355, 2, '0.225', '1741.04515', 382.97639, '2021-07-07 08:05:41', '2021-07-07 08:05:41'),
(356, 2, '0.230', '1798.37834', 395.58793, '2021-07-07 08:06:23', '2021-07-07 08:06:23'),
(357, 2, '0.235', '1856.28153', 408.32485, '2021-07-07 08:07:04', '2021-07-07 08:07:04'),
(358, 2, '0.240', '1914.74676', 421.18541, '2021-07-07 08:07:37', '2021-07-07 08:07:37'),
(359, 2, '0.245', '1973.76629', 434.16789, '2021-07-07 08:08:23', '2021-07-07 08:08:23'),
(360, 2, '0.250', '2033.33258', 447.27064, '2021-07-07 08:09:41', '2021-07-07 08:09:41'),
(361, 2, '0.255', '2093.43831', 460.49205, '2021-07-07 08:10:20', '2021-07-07 08:10:20'),
(362, 2, '0.260', '2154.07637', 473.83056, '2021-07-07 08:15:28', '2021-07-07 08:15:28'),
(363, 2, '0.265', '2215.23982', 487.28464, '2021-07-07 08:15:56', '2021-07-07 08:15:56'),
(364, 2, '0.270', '2276.92188', 500.85279, '2021-07-07 08:16:31', '2021-07-07 08:16:31'),
(365, 2, '0.275', '2339.11597', 51453358.00000, '2021-07-07 08:17:04', '2021-07-07 08:17:04'),
(366, 2, '0.280', '2401.81566', 528.32558, '2021-07-07 08:17:47', '2021-07-07 08:17:47'),
(367, 2, '0.285', '2465.01466', 542.22742, '2021-07-07 08:18:25', '2021-07-07 08:18:25'),
(368, 2, '0.290', '2528.70686', 556.23775, '2021-07-07 08:19:04', '2021-07-07 08:19:04'),
(369, 2, '0.295', '2592.88626', 570.35524, '2021-07-07 08:19:38', '2021-07-07 08:19:38'),
(370, 2, '0.300', '2657.54701', 584.57862, '2021-07-07 08:20:29', '2021-07-07 08:20:29'),
(371, 2, '0.305', '2722.68339', 598.90662, '2021-07-07 09:09:06', '2021-07-07 09:09:06'),
(372, 2, '0.310', '2788.28979', 613.33801, '2021-07-07 09:09:37', '2021-07-07 09:09:37'),
(373, 2, '0.315', '2854.36075', 627.87159, '2021-07-07 09:10:15', '2021-07-07 09:10:15'),
(374, 2, '320.000', '2920.89089', 642.50617, '2021-07-07 09:11:02', '2021-07-07 09:11:02'),
(375, 2, '0.320', '2920.89089', 642.50617, '2021-07-07 09:13:34', '2021-07-07 09:13:34'),
(376, 2, '0.325', '2987.87496', 657.24061, '2021-07-07 09:14:18', '2021-07-07 09:14:18'),
(377, 2, '0.330', '3055.30782', 672.07376, '2021-07-07 09:15:11', '2021-07-07 09:15:11'),
(378, 2, '0.335', '3123.18442', 687.00453, '2021-07-07 09:15:44', '2021-07-07 09:15:44'),
(379, 2, '0.340', '3191.49980', 702.03181, '2021-07-07 09:16:14', '2021-07-07 09:16:14'),
(380, 2, '0.345', '3260.24913', 717.15455, '2021-07-07 09:16:51', '2021-07-07 09:16:51'),
(381, 2, '0.350', '3329.42763', 732.37169, '2021-07-07 09:17:54', '2021-07-07 09:17:54'),
(382, 2, '0.355', '3399.03064', 747.68222, '2021-07-07 09:18:35', '2021-07-07 09:18:35'),
(383, 2, '0.360', '3469.05357', 763.08511, '2021-07-07 09:19:21', '2021-07-07 09:19:21'),
(384, 2, '0.365', '3539.49190', 778.57937, '2021-07-07 09:19:56', '2021-07-07 09:19:56'),
(385, 2, '0.370', '3610.34122', 794.16405, '2021-07-07 09:20:35', '2021-07-07 09:20:35'),
(386, 2, '0.375', '3681.59718', 809.83816, '2021-07-07 09:21:17', '2021-07-07 09:21:17'),
(387, 2, '0.380', '3753.25594', 825.60079, '2021-07-07 09:21:56', '2021-07-07 09:21:56'),
(388, 2, '0.385', '3825.31495', 841.45099, '2021-07-07 09:23:13', '2021-07-07 09:23:13'),
(389, 2, '0.390', '3897.76243', 587.38787, '2021-07-07 09:23:59', '2021-07-07 09:23:59'),
(390, 2, '0.395', '3970.60286', 873.41053, '2021-07-07 09:24:30', '2021-07-07 09:24:30'),
(391, 2, '0.400', '4043.82924', 889.51808, '2021-07-07 09:31:14', '2021-07-07 09:31:14'),
(392, 2, '0.405', '4117.43762', 905.70966, '2021-07-07 09:32:13', '2021-07-07 09:32:13'),
(393, 2, '0.410', '4191.42413', 921.98442, '2021-07-07 09:32:52', '2021-07-07 09:32:52'),
(394, 2, '0.415', '4265.78495', 938.34151, '2021-07-07 09:33:29', '2021-07-07 09:33:29'),
(395, 2, '0.420', '4340.51631', 954.78011, '2021-07-07 09:34:02', '2021-07-07 09:34:02'),
(396, 2, '0.425', '4415.61451', 971.29941, '2021-07-07 09:34:34', '2021-07-07 09:34:34'),
(397, 2, '0.430', '4491.07590', 987.89859, '2021-07-07 09:35:07', '2021-07-07 09:35:07'),
(398, 2, '0.435', '4566.89687', 1004.57687, '2021-07-07 09:35:53', '2021-07-07 09:35:53'),
(399, 2, '0.440', '4643.07388', 1021.33347, '2021-07-07 09:36:43', '2021-07-07 09:36:43'),
(400, 2, '0.445', '4719.60342', 1038.16762, '2021-07-07 09:40:06', '2021-07-07 09:40:06'),
(401, 2, '0.450', '4796.48205', 1055.07855, '2021-07-07 09:40:49', '2021-07-07 09:40:49'),
(402, 2, '0.455', '4873.70635', 1072.06552, '2021-07-07 09:41:41', '2021-07-07 09:41:41'),
(403, 2, '0.460', '4951.27298', 1089.12780, '2021-07-07 09:42:26', '2021-07-07 09:42:26'),
(404, 2, '0.465', '5029.17861', 1106.26464, '2021-07-07 09:43:02', '2021-07-07 09:43:02'),
(405, 2, '0.470', '5107.41998', 1123.47533, '2021-07-07 09:43:36', '2021-07-07 09:43:36'),
(406, 2, '0.475', '5185.99385', 1140.75917, '2021-07-07 09:44:12', '2021-07-07 09:44:12'),
(407, 2, '0.480', '5264.89704', 1158.11544, '2021-07-07 09:44:55', '2021-07-07 09:44:55'),
(408, 2, '0.485', '5344.12638', 1175.54346, '2021-07-07 09:45:29', '2021-07-07 09:45:29'),
(409, 2, '0.490', '5423.67879', 1193.04255, '2021-07-07 09:46:06', '2021-07-07 09:46:06'),
(410, 2, '0.495', '5503.55117', 1210.61201, '2021-07-07 09:46:34', '2021-07-07 09:46:34'),
(411, 2, '0.500', '5583.74051', 1228.25120, '2021-07-07 09:47:10', '2021-07-07 09:47:10'),
(412, 2, '0.505', '5664.24378', 1245.55945, '2021-07-07 09:52:11', '2021-07-07 09:52:11'),
(413, 2, '0.510', '5745.05804', 1263.73610, '2021-07-07 09:52:52', '2021-07-07 09:52:52'),
(414, 2, '0.515', '5826.18035', 1281.58051, '2021-07-07 09:53:24', '2021-07-07 09:53:24'),
(415, 2, '0.520', '5907.60780', 1299.49205, '2021-07-07 09:53:57', '2021-07-07 09:53:57'),
(416, 2, '0.525', '5989.33755', 1317.47008, '2021-07-07 09:54:26', '2021-07-07 09:54:26'),
(417, 2, '0.530', '6071.36674', 1335.51398, '2021-07-07 09:55:06', '2021-07-07 09:55:06'),
(418, 2, '0.535', '6153.69259', 1353.62313, '2021-07-07 09:55:48', '2021-07-07 09:55:48'),
(419, 2, '0.540', '6236.31231', 1371.79693, '2021-07-07 09:56:31', '2021-07-07 09:56:31'),
(420, 2, '0.545', '6319.22316', 1390.03477, '2021-07-07 09:57:04', '2021-07-07 09:57:04'),
(421, 2, '0.550', '6402.42243', 1408.33605, '2021-07-07 09:58:06', '2021-07-07 09:58:06'),
(422, 2, '0.355', '6485.90744', 1426.70018, '2021-07-07 09:58:52', '2021-07-07 09:58:52'),
(423, 2, '0.560', '6569.67552', 1445.12659, '2021-07-07 09:59:43', '2021-07-07 09:59:43'),
(424, 2, '0.565', '6653.72404', 1463.61468, '2021-07-07 10:00:27', '2021-07-07 10:00:27'),
(425, 2, '0.570', '6738.05040', 1482.16388, '2021-07-07 10:01:15', '2021-07-07 10:01:15'),
(426, 2, '0.575', '6822.65201', 1500.77363, '2021-07-07 10:01:47', '2021-07-07 10:01:47'),
(427, 2, '0.580', '6907.52633', 1519.44337, '2021-07-07 10:02:20', '2021-07-07 10:02:20'),
(428, 2, '0.585', '6992.67082', 1538.17254, '2021-07-07 10:03:01', '2021-07-07 10:03:01'),
(429, 2, '0.590', '7078.08297', 1556.96059, '2021-07-07 10:03:34', '2021-07-07 10:03:34'),
(430, 2, '0.595', '7163.76031', 1575.80697, '2021-07-07 10:04:17', '2021-07-07 10:04:17'),
(431, 2, '0.600', '7249.70037', 1594.71114, '2021-07-07 10:04:52', '2021-07-07 10:04:52'),
(432, 2, '0.605', '7335.90072', 1613.67257, '2021-07-07 10:05:43', '2021-07-07 10:05:43'),
(433, 2, '0.610', '7422.35893', 1632.69071, '2021-07-07 10:06:23', '2021-07-07 10:06:23'),
(434, 2, '0.615', '7509.07262', 1651.76506, '2021-07-07 10:08:57', '2021-07-07 10:08:57'),
(435, 2, '0.620', '7596.03942', 1670.89508, '2021-07-07 10:11:08', '2021-07-07 10:11:08'),
(436, 2, '0.625', '7683.25696', 1690.08026, '2021-07-07 10:12:10', '2021-07-07 10:12:10'),
(437, 2, '0.630', '7770.72293', 1709.32008, '2021-07-07 10:14:49', '2021-07-07 10:14:49'),
(438, 2, '0.635', '7858.43501', 1728.61404, '2021-07-07 10:15:30', '2021-07-07 10:15:30'),
(439, 2, '0.640', '7946.39090', 1747.96163, '2021-07-07 10:16:11', '2021-07-07 10:16:11'),
(440, 2, '0.645', '8034.58833', 1767.36235, '2021-07-07 10:16:46', '2021-07-07 10:16:46'),
(441, 2, '0.650', '8123.02505', 1786.81571, '2021-07-07 10:17:27', '2021-07-07 10:17:27'),
(442, 2, '0.665', '8389.74865', 1845.48670, '2021-07-07 10:18:05', '2021-07-07 10:18:05'),
(443, 2, '0.670', '8479.12033', 1865.14573, '2021-07-07 10:19:05', '2021-07-07 10:19:05'),
(444, 2, '0.675', '8568.72029', 1884.85496, '2021-07-07 10:19:48', '2021-07-07 10:19:48'),
(445, 2, '0.680', '8658.54637', 1904.61394, '2021-07-07 10:20:29', '2021-07-07 10:20:29'),
(446, 2, '0.685', '8748.59645', 1924.42219, '2021-07-07 10:21:06', '2021-07-07 10:21:06'),
(447, 2, '0.690', '8838.86841', 1944.27924, '2021-07-07 10:21:40', '2021-07-07 10:21:40'),
(448, 2, '0.695', '8929.36014', 1964.18464, '2021-07-07 10:22:24', '2021-07-07 10:22:24'),
(449, 2, '0.700', '9020.06955', 1984.13792, '2021-07-07 10:22:59', '2021-07-07 10:22:59'),
(450, 2, '0.705', '9110.99458', 2004.13863, '2021-07-07 10:23:43', '2021-07-07 10:23:43'),
(451, 2, '0.710', '9202.13316', 2024.18631, '2021-07-07 10:24:14', '2021-07-07 10:24:14'),
(452, 2, '0.715', '9293.48325', 2044.28052, '2021-07-07 10:24:50', '2021-07-07 10:24:50'),
(453, 2, '0.720', '9385.04282', 2064.42081, '2021-07-07 10:25:25', '2021-07-07 10:25:25'),
(454, 2, '0.725', '9476.80985', 2084.60674, '2021-07-07 10:26:09', '2021-07-07 10:26:09'),
(455, 2, '0.730', '9568.78236', 2104.83786, '2021-07-07 10:27:07', '2021-07-07 10:27:07'),
(456, 2, '0.740', '9753.33581', 2145.43395, '2021-07-07 10:27:40', '2021-07-07 10:27:40'),
(457, 2, '0.745', '9845.91282', 2165.79804, '2021-07-07 10:28:17', '2021-07-07 10:28:17'),
(458, 2, '0.750', '9938.68742', 2186.20560, '2021-07-07 10:28:52', '2021-07-07 10:28:52'),
(459, 2, '0.755', '10031.65768', 2206.65620, '2021-07-07 10:29:26', '2021-07-07 10:29:26'),
(460, 2, '0.760', '10124.82165', 2227.14941, '2021-07-07 10:29:58', '2021-07-07 10:29:58'),
(461, 2, '0.765', '10218.17744', 2247.68481, '2021-07-07 10:30:30', '2021-07-07 10:30:30'),
(462, 2, '0.770', '10311.72315', 2268.26199, '2021-07-07 10:31:11', '2021-07-07 10:31:11'),
(463, 2, '0.775', '10405.45687', 2288.88053, '2021-07-07 10:31:46', '2021-07-07 10:31:46'),
(464, 2, '0.780', '10499.37673', 2309.54001, '2021-07-07 10:32:24', '2021-07-07 10:32:24'),
(465, 2, '0.785', '10593.48087', 2330.24002, '2021-07-07 10:32:58', '2021-07-07 10:32:58'),
(466, 2, '0.785', '10593.48087', 2330.24002, '2021-07-07 10:33:07', '2021-07-07 10:33:07'),
(467, 2, '0.790', '10687.76743', 2350.98017, '2021-07-07 14:49:05', '2021-07-07 14:49:05'),
(468, 2, '0.795', '10782.23456', 2371.76003, '2021-07-07 14:49:35', '2021-07-07 14:49:35'),
(469, 2, '0.800', '10876.88043', 2392.57921, '2021-08-12 16:49:44', '2021-07-07 14:50:34'),
(470, 2, '0.805', '10971.70321', 2413.43731, '2021-07-07 14:54:05', '2021-07-07 14:54:05'),
(472, 2, '0.810', '11066.70110', 2434.33392, '2021-07-07 14:55:33', '2021-07-07 14:55:33'),
(473, 2, '0.815', '11161.87227', 2455.26865, '2021-07-07 14:56:05', '2021-07-07 14:56:05'),
(474, 2, '0.820', '11257.21495', 2476.24111, '2021-07-07 14:56:29', '2021-07-07 14:56:29'),
(475, 2, '0.825', '11352.72734', 2497.25090, '2021-07-07 14:56:53', '2021-07-07 14:56:53'),
(476, 2, '0.830', '11448.40767', 2518.29763, '2021-07-07 14:57:40', '2021-07-07 14:57:40'),
(477, 2, '0.835', '11544.25418', 2539.38091, '2021-07-07 14:57:59', '2021-07-07 14:57:59'),
(478, 2, '0.840', '11640.26510', 2560.50036, '2021-07-07 14:58:23', '2021-07-07 14:58:23'),
(479, 2, '0.845', '11736.43869', 2581.65560, '2021-07-07 14:59:13', '2021-07-07 14:59:13'),
(480, 2, '0.850', '11832.77321', 2602.84623, '2021-07-07 14:59:33', '2021-07-07 14:59:33'),
(481, 2, '0.855', '11929.26692', 2624.07181, '2021-07-07 15:00:20', '2021-07-07 15:00:20'),
(482, 2, '0.860', '12025.91812', 2645.33217, '2021-07-07 15:00:49', '2021-07-07 15:00:49'),
(483, 2, '0.865', '12122.77508', 2666.62672, '2021-07-07 15:01:18', '2021-07-07 15:01:18'),
(484, 2, '0.870', '12219.68609', 2687.95516, '2021-07-07 15:01:40', '2021-07-07 15:01:40'),
(485, 2, '0.875', '12316.79947', 2709.31712, '2021-07-07 15:02:01', '2021-07-07 15:02:01'),
(486, 2, '0.880', '12414.06352', 2730.71222, '2021-07-07 15:02:23', '2021-07-07 15:02:23'),
(487, 2, '0.885', '12511.47656', 2752.14009, '2021-07-07 15:02:51', '2021-07-07 15:02:51'),
(488, 2, '0.890', '12609.03692', 2773.60037, '2021-07-07 15:03:09', '2021-07-07 15:03:09'),
(489, 2, '0.895', '12706.74293', 2795.09269, '2021-07-07 15:03:33', '2021-07-07 15:03:33'),
(490, 2, '0.900', '12804.59293', 2816.61668, '2021-07-07 15:03:52', '2021-07-07 15:03:52'),
(491, 2, '0.902', '12902.58528', 2838.17198, '2021-07-07 15:04:11', '2021-07-07 15:04:11'),
(492, 2, '0.910', '13000.71832', 2859.75824, '2021-07-07 15:04:42', '2021-07-07 15:04:42'),
(493, 2, '0.915', '13098.99042', 2881.37508, '2021-07-07 15:05:03', '2021-07-07 15:05:03'),
(494, 2, '0.920', '13197.39996', 2903.02215, '2021-07-07 15:05:20', '2021-07-07 15:05:20'),
(495, 2, '0.925', '13295.94530', 2924.69909, '2021-07-07 15:05:56', '2021-07-07 15:05:56'),
(496, 2, '0.930', '13394.62483', 2946.40556, '2021-07-07 15:06:15', '2021-07-07 15:06:15'),
(497, 2, '0.935', '13493.43694', 2968.14118, '2021-07-07 15:06:41', '2021-07-07 15:06:41'),
(498, 2, '0.940', '13592.38003', 2989.90562, '2021-07-07 15:06:59', '2021-07-07 15:06:59'),
(499, 2, '0.945', '13691.45250', 3011.69852, '2021-07-07 15:07:31', '2021-07-07 15:07:31'),
(500, 2, '0.950', '13790.65276', 3033.51952, '2021-07-07 15:08:01', '2021-07-07 15:08:01'),
(501, 2, '0.955', '13889.97923', 3055.36829, '2021-07-07 15:08:21', '2021-07-07 15:08:21'),
(502, 2, '0.960', '13989.43032', 3077.24447, '2021-07-07 15:09:30', '2021-07-07 15:09:30'),
(503, 2, '0.965', '14089.00446', 3099.14772, '2021-07-07 15:09:54', '2021-07-07 15:09:54'),
(504, 2, '0.970', '14188.70009', 3121.77769, '2021-07-07 15:10:13', '2021-07-07 15:10:13'),
(505, 2, '0.975', '14288.51565', 3143.03405, '2021-07-07 15:10:40', '2021-07-07 15:10:40'),
(506, 2, '0.980', '14388.44958', 3165.01644, '2021-07-07 15:11:00', '2021-07-07 15:11:00'),
(507, 2, '0.985', '14488.50032', 3187.02452, '2021-07-07 15:11:40', '2021-07-07 15:11:40'),
(508, 2, '0.990', '14588.66634', 3209.05797, '2021-07-07 15:12:15', '2021-07-07 15:12:15'),
(509, 2, '0.995', '14688.94609', 3231.11643, '2021-07-07 15:12:34', '2021-07-07 15:12:34'),
(510, 2, '1.000', '14789.33805', 3253.19957, '2021-07-07 15:13:14', '2021-07-07 15:13:14'),
(511, 2, '1.005', '14889.84068', 3275.30706, '2021-07-07 15:13:38', '2021-07-07 15:13:38'),
(512, 2, '1.010', '14990.45246', 3297.43856, '2021-07-07 15:14:01', '2021-07-07 15:14:01'),
(513, 2, '1.015', '15092.17187', 3519.59373, '2021-07-07 15:14:26', '2021-07-07 15:14:26'),
(514, 2, '1.020', '15191.99739', 3341.77225, '2021-07-07 15:14:48', '2021-07-07 15:14:48'),
(515, 2, '1.025', '15292.92752', 3363.97377, '2021-07-07 15:15:29', '2021-07-07 15:15:29'),
(516, 2, '1.030', '15393.96075', 3386.19797, '2021-07-07 15:15:52', '2021-07-07 15:15:52'),
(517, 2, '1.035', '15495.09558', 3408.44453, '2021-07-07 15:16:14', '2021-07-07 15:16:14'),
(518, 2, '1.040', '15596.33052', 3430.71310, '2021-07-07 15:16:34', '2021-07-07 15:16:34'),
(519, 2, '1.045', '15697.66407', 3453.00337, '2021-07-07 15:16:56', '2021-07-07 15:16:56'),
(520, 2, '1.050', '15799.09475', 3475.31500, '2021-07-07 15:17:18', '2021-07-07 15:17:18'),
(521, 2, '1.055', '15900.62108', 3497.64767, '2021-07-08 05:54:29', '2021-07-08 05:54:29'),
(522, 2, '1.060', '16002.24158', 352000105.00000, '2021-07-08 05:55:41', '2021-07-08 05:55:41'),
(523, 2, '1.060', '16002.24158', 3520.00105, '2021-07-08 05:58:39', '2021-07-08 05:58:39'),
(524, 2, '1.065', '16103.95477', 3542.37482, '2021-07-08 06:02:54', '2021-07-08 06:02:54'),
(525, 2, '1.065', '16103.95477', 3542.37482, '2021-07-08 06:03:09', '2021-07-08 06:03:09'),
(526, 2, '1.065', '16103.95477', 3542.37482, '2021-07-08 06:03:09', '2021-07-08 06:03:09'),
(527, 2, '1.070', '16205.75918', 3564.76866, '2021-07-08 06:04:07', '2021-07-08 06:04:07'),
(528, 2, '1.075', '16307.65335', 1587.18225, '2021-07-08 06:05:26', '2021-07-08 06:05:26'),
(529, 2, '1.080', '16409.63581', 3609.61525, '2021-07-08 06:07:15', '2021-07-08 06:07:15'),
(530, 2, '1.085', '16511.70511', 3632.06736, '2021-07-08 06:08:42', '2021-07-08 06:08:42'),
(531, 2, '1.090', '16613.85979', 3654.53825, '2021-07-08 06:09:55', '2021-07-08 06:09:55'),
(532, 2, '1.095', '16716.09840', 3677.02760, '2021-07-08 06:10:52', '2021-07-08 06:10:52'),
(533, 2, '1.100', '16818.41950', 3699.53509, '2021-07-08 06:12:08', '2021-07-08 06:12:08'),
(534, 2, '1.105', '16920.82161', 3722.06041, '2021-07-08 06:12:57', '2021-07-08 06:12:57'),
(535, 2, '1.110', '17023.30336', 3744.60324, '2021-07-08 06:13:42', '2021-07-08 06:13:42'),
(536, 2, '1.115', '17125.86325', 3767.16327, '2021-07-08 06:14:38', '2021-07-08 06:14:38'),
(537, 2, '1.120', '17228.49987', 3789.74017, '2021-07-08 06:15:43', '2021-07-08 06:15:43'),
(538, 2, '1.125', '17331.21178', 3812.33363, '2021-07-08 06:16:30', '2021-07-08 06:16:30'),
(539, 2, '1.130', '17433.99756', 3834.94334, '2021-07-08 06:17:35', '2021-07-08 06:17:35'),
(540, 2, '1.135', '17536.85579', 3857.56899, '2021-07-08 06:18:14', '2021-07-08 06:18:14'),
(541, 2, '1.140', '17639.78504', 3880.21025, '2021-07-08 06:19:07', '2021-07-08 06:19:07'),
(542, 2, '1.145', '17742.78389', 3902.86683, '2021-07-08 06:20:19', '2021-07-08 06:20:19'),
(543, 2, '1.150', '17845.58093', 3925.53841, '2021-07-08 06:27:05', '2021-07-08 06:27:05'),
(544, 2, '1.155', '17948.98474', 3948.22468, '2021-07-08 06:27:55', '2021-07-08 06:27:55'),
(545, 2, '1.160', '18052.18392', 3970.92533, '2021-07-08 06:28:37', '2021-07-08 06:28:37'),
(546, 2, '1.165', '18155.44705', 3993.64004, '2021-07-08 06:29:32', '2021-07-08 06:29:32'),
(547, 2, '1.170', '18258.77274', 4016.36851, '2021-07-08 06:30:38', '2021-07-08 06:30:38'),
(548, 2, '1.175', '18362.15957', 4039.11044, '2021-07-08 06:31:21', '2021-07-08 06:31:21'),
(549, 2, '1.180', '18465.60616', 4061.86551, '2021-07-08 06:32:30', '2021-07-08 06:32:30'),
(550, 2, '1.185', '18569.11109', 4084.63341, '2021-07-08 06:33:44', '2021-07-08 06:33:44'),
(551, 2, '1.190', '18672.67299', 4107.41384, '2021-07-08 06:34:35', '2021-07-08 06:34:35'),
(552, 2, '1.195', '18776.29044', 4130.20649, '2021-07-08 06:35:14', '2021-07-08 06:35:14'),
(553, 2, '1.200', '18879.96208', 4153.01107, '2021-07-08 06:36:31', '2021-07-08 06:36:31'),
(554, 2, '1.205', '18983.68649', 4175.82725, '2021-07-08 06:37:56', '2021-07-08 06:37:56'),
(555, 2, '1.210', '19087.46231', 4198.65474, '2021-07-08 06:40:19', '2021-07-08 06:40:19'),
(556, 2, '1.215', '19191.28814', 4221.49323, '2021-07-08 06:41:04', '2021-07-08 06:41:04'),
(557, 2, '1.220', '19295.16260', 4244.34241, '2021-07-08 06:42:04', '2021-07-08 06:42:04'),
(558, 2, '1.225', '19399.08432', 4267.20200, '2021-07-08 06:42:52', '2021-07-08 06:42:52'),
(559, 2, '1.230', '19503.05191', 4290.07167, '2021-07-08 06:43:54', '2021-07-08 06:43:54'),
(560, 2, '1.235', '19607.06400', 4312.95113, '2021-07-08 06:44:49', '2021-07-08 06:44:49'),
(561, 2, '1.240', '19700.11921', 4335.84008, '2021-07-08 06:45:41', '2021-07-08 06:45:41'),
(562, 2, '1.245', '19815.21617', 4358.73821, '2021-07-08 06:47:02', '2021-07-08 06:47:02'),
(563, 2, '1.250', '19919.35350', 4381.64522, '2021-07-08 06:47:52', '2021-07-08 06:47:52'),
(564, 2, '1.255', '20023.52985', 4404.56081, '2021-07-08 06:51:32', '2021-07-08 06:51:32'),
(565, 2, '1.255', '20023.52985', 4404.56081, '2021-07-08 06:51:44', '2021-07-08 06:51:44'),
(566, 2, '1.260', '20127.74384', 4427.48468, '2021-07-08 06:52:46', '2021-07-08 06:52:46'),
(567, 2, '1.265', '20231.99409', 4450.41653, '2021-07-08 06:54:00', '2021-07-08 06:54:00'),
(568, 2, '1.270', '20336.27926', 447335606.00000, '2021-07-08 06:55:02', '2021-07-08 06:55:02'),
(569, 2, '1.275', '20440.59797', 4496.30297, '2021-07-08 06:55:49', '2021-07-08 06:55:49'),
(570, 2, '1.280', '20544.94886', 4519.25696, '2021-07-08 06:56:44', '2021-07-08 06:56:44'),
(571, 2, '1.285', '20649.33057', 4542.21772, '2021-07-08 06:57:22', '2021-07-08 06:57:22'),
(572, 2, '1.290', '20753.74174', 4565.18497, '2021-07-08 06:58:03', '2021-07-08 06:58:03'),
(573, 2, '1.295', '20858.18101', 4588.15840, '2021-07-08 06:58:38', '2021-07-08 06:58:38'),
(574, 2, '1.300', '20962.64703', 4611.13771, '2021-07-08 06:59:15', '2021-07-08 06:59:15'),
(575, 2, '1.305', '21067.13842', 4634.12260, '2021-07-08 07:03:49', '2021-07-08 07:03:49'),
(576, 2, '1.310', '21171.65385', 4657.11278, '2021-07-08 07:04:37', '2021-07-08 07:04:37'),
(577, 2, '1.315', '21276.19195', 4680.10795, '2021-07-08 07:05:35', '2021-07-08 07:05:35'),
(578, 2, '1.320', '21380.75137', 4703.10781, '2021-07-08 07:08:14', '2021-07-08 07:08:14'),
(579, 2, '1.325', '21485.33076', 4726.11206, '2021-07-08 07:09:53', '2021-07-08 07:09:53'),
(580, 2, '1.330', '21589.92876', 4749.12040, '2021-07-08 07:10:46', '2021-07-08 07:10:46'),
(581, 2, '1.335', '21694.54403', 4772.13254, '2021-07-08 07:11:22', '2021-07-08 07:11:22'),
(582, 2, '1.340', '21799.17520', 4795.14818, '2021-07-08 07:12:31', '2021-07-08 07:12:31'),
(583, 2, '1.345', '21903.82094', 4818.16703, '2021-07-08 07:13:13', '2021-07-08 07:13:13'),
(584, 2, '1.350', '22008.47989', 4841.18878, '2021-07-08 07:39:40', '2021-07-08 07:39:40'),
(585, 2, '1.355', '22113.15070', 4864.21314, '2021-07-08 07:41:11', '2021-07-08 07:41:11'),
(586, 2, '1.360', '22217.83202', 4887.23981, '2021-07-08 07:42:05', '2021-07-08 07:42:05'),
(587, 2, '1.365', '22322.52251', 4910.26850, '2021-07-08 07:42:46', '2021-07-08 07:42:46'),
(588, 2, '1.370', '22427.22081', 4933.29890, '2021-07-08 07:45:26', '2021-07-08 07:45:26'),
(589, 2, '1.375', '22531.92557', 4956.33073, '2021-07-08 07:46:40', '2021-07-08 07:46:40'),
(590, 2, '1.380', '22636.63546', 4979.36369, '2021-07-08 07:47:24', '2021-07-08 07:47:24'),
(591, 2, '1.385', '22741.34912', 5002.39747, '2021-07-08 07:48:12', '2021-07-08 07:48:12'),
(592, 2, '1.390', '22846.06521', 5025.43179, '2021-07-08 07:48:56', '2021-07-08 07:48:56'),
(593, 2, '1.394', '22929.83892', 5043.85943, '2021-07-08 07:50:33', '2021-07-08 07:50:33'),
(594, 2, '1.395', '22950.78237', 5048.46635, '2021-07-08 07:51:18', '2021-07-08 07:51:18'),
(595, 2, '1.400', '23055.49927', 5071.50084, '2021-07-08 07:52:00', '2021-07-08 07:52:00'),
(596, 2, '1.405', '23160.21454', 5094.53498, '2021-07-08 07:53:13', '2021-07-08 07:53:13'),
(597, 2, '1.410', '23264.92686', 5117.56847, '2021-07-08 07:53:54', '2021-07-08 07:53:54'),
(598, 2, '1.415', '23369.63486', 5140.60101, '2021-07-08 07:54:43', '2021-07-08 07:54:43'),
(599, 2, '1.420', '23474.33720', 5163.63231, '2021-07-08 07:55:40', '2021-07-08 07:55:40'),
(600, 2, '1.425', '23579.03254', 5186.66206, '2021-07-08 07:56:30', '2021-07-08 07:56:30'),
(601, 2, '1.430', '23683.71952', 5209.68999, '2021-07-08 07:58:22', '2021-07-08 07:58:22'),
(602, 2, '1.435', '23788.39680', 5232.71576, '2021-07-08 07:59:23', '2021-07-08 07:59:23'),
(603, 2, '1.440', '23893.06302', 5255.73911, '2021-07-08 08:01:01', '2021-07-08 08:01:01'),
(604, 2, '1.445', '23997.71685', 5278.75974, '2021-07-08 08:01:59', '2021-07-08 08:01:59'),
(605, 2, '1.450', '24102.35692', 5301.77733, '2021-07-08 08:02:58', '2021-07-08 08:02:58'),
(606, 2, '1.455', '24206.98190', 5324.79161, '2021-07-08 08:03:52', '2021-07-08 08:03:52'),
(607, 2, '1.460', '24311.59042', 5347.80227, '2021-07-08 08:04:31', '2021-07-08 08:04:31'),
(608, 2, '1.465', '24416.18114', 5370.80901, '2021-07-08 08:05:23', '2021-07-08 08:05:23'),
(609, 2, '1.470', '24520.75270', 5393.81154, '2021-07-08 08:06:12', '2021-07-08 08:06:12'),
(610, 2, '1.475', '246255.30376', 5416.80956, '2021-07-08 08:06:58', '2021-07-08 08:06:58'),
(611, 2, '1.480', '24729.83295', 5439.80277, '2021-07-08 08:07:46', '2021-07-08 08:07:46'),
(612, 2, '1.485', '24834.33893', 5462.79087, '2021-07-08 08:08:39', '2021-07-08 08:08:39'),
(613, 2, '1.490', '24938.82034', 5485.77356, '2021-07-08 08:09:45', '2021-07-08 08:09:45'),
(614, 2, '1.495', '25043.27582', 5508.75056, '2021-07-08 08:10:41', '2021-07-08 08:10:41'),
(615, 2, '1.500', '25147.70401', 5531.72155, '2021-07-08 08:13:04', '2021-07-08 08:13:04'),
(616, 2, '1.505', '25252.10356', 5554.68624, '2021-07-08 08:13:40', '2021-07-08 08:13:40'),
(617, 2, '1.510', '25356.47310', 5577.64433, '2021-07-08 08:14:19', '2021-07-08 08:14:19'),
(618, 2, '1.515', '25460.81129', 5600.59552, '2021-07-08 08:14:58', '2021-07-08 08:14:58');
INSERT INTO `diprod_scale` (`drs_id`, `fk_nozzel_type`, `fill`, `LT`, `LG`, `created_at`, `updated_at`) VALUES
(619, 2, '1.520', '25565.11674', 5623.53951, '2021-07-08 08:15:39', '2021-07-08 08:15:39'),
(620, 2, '1.525', '25669.38811', 5646.47601, '2021-07-08 08:16:10', '2021-07-08 08:16:10'),
(621, 2, '1.530', '25773.62402', 5669.40470, '2021-07-08 08:16:56', '2021-07-08 08:16:56'),
(622, 2, '1.535', '25877.82312', 569232530.00000, '2021-07-08 08:17:38', '2021-07-08 08:17:38'),
(623, 2, '1.540', '25981.98402', 5715.23749, '2021-07-08 08:18:23', '2021-07-08 08:18:23'),
(624, 2, '1.545', '26086.10537', 5738.14099, '2021-07-08 08:19:14', '2021-07-08 08:19:14'),
(625, 2, '1.550', '26190.18580', 5761.03548, '2021-07-08 08:19:52', '2021-07-08 08:19:52'),
(626, 2, '1.555', '26294.22392', 5783.92067, '2021-07-08 08:20:40', '2021-07-08 08:20:40'),
(627, 2, '1.560', '26398.21838', 5806.79625, '2021-07-08 08:21:45', '2021-07-08 08:21:45'),
(628, 2, '1.565', '26502.16778', 5829.66193, '2021-07-08 08:22:40', '2021-07-08 08:22:40'),
(629, 2, '1.570', '26606.07076', 5852.51739, '2021-07-08 08:23:32', '2021-07-08 08:23:32'),
(630, 2, '1.575', '26709.92594', 5875.56233, '2021-07-08 08:24:24', '2021-07-08 08:24:24'),
(631, 2, '1.580', '26813.73193', 5898.19646, '2021-07-08 08:25:19', '2021-07-08 08:25:19'),
(632, 2, '1.585', '26917.48735', 5921.01946, '2021-07-08 08:26:00', '2021-07-08 08:26:00'),
(633, 2, '1.590', '27021.19082', 5943.83103, '2021-07-08 08:26:43', '2021-07-08 08:26:43'),
(634, 2, '1.595', '27124.84095', 5966.63087, '2021-07-08 08:27:46', '2021-07-08 08:27:46'),
(635, 2, '1.600', '27228.43635', 5989.41858, '2021-07-08 08:29:03', '2021-07-08 08:29:03'),
(636, 2, '1.605', '27331.97563', 6012.19413, '2021-07-08 08:29:47', '2021-07-08 08:29:47'),
(637, 2, '1.610', '27435.45739', 6034.95694, '2021-07-08 08:30:33', '2021-07-08 08:30:33'),
(638, 2, '1.615', '27538.88025', 6057.70679, '2021-07-08 08:31:19', '2021-07-08 08:31:19'),
(639, 2, '1.620', '27642.24279', 6080.44337, '2021-07-08 08:31:56', '2021-07-08 08:31:56'),
(640, 2, '1.625', '27745.54362', 6103.16637, '2021-07-08 08:32:40', '2021-07-08 08:32:40'),
(641, 2, '1.630', '27848.78134', 6125.87559, '2021-07-08 08:33:47', '2021-07-08 08:33:47'),
(642, 2, '1.635', '27951.95454', 6148.57043, '2021-07-08 08:34:41', '2021-07-08 08:34:41'),
(643, 2, '1.640', '28055.06182', 6171.25086, '2021-07-08 08:35:28', '2021-07-08 08:35:28'),
(644, 2, '1.645', '28158.10175', 6193.91648, '2021-07-08 08:36:23', '2021-07-08 08:36:23'),
(645, 2, '1.650', '28261.07293', 6216.56697, '2021-07-08 08:37:40', '2021-07-08 08:37:40'),
(646, 2, '1.655', '28363.97394', 6239.20203, '2021-07-08 08:38:37', '2021-07-08 08:38:37'),
(647, 2, '1.660', '28466.80336', 6261.82134, '2021-07-08 08:39:43', '2021-07-08 08:39:43'),
(648, 2, '1.665', '28569.55976', 6284.42458, '2021-07-08 08:40:52', '2021-07-08 08:40:52'),
(649, 1, '1.425', '10037.71179', 2207.98792, '2021-07-08 07:56:30', '2021-07-08 07:56:30'),
(650, 1, '1.430', '10079.47219', 2217.17392, '2021-07-09 19:10:43', '2021-07-09 19:10:43'),
(651, 1, '1.310', '9067.55842', 1994.58401, '2021-07-17 10:52:40', '2021-07-17 10:52:40'),
(652, 1, '1.590', '11388.91012', 2505.21000, '2021-08-07 07:05:29', '2021-08-07 07:05:29'),
(653, 1, '1.330', '9237.40323', 2031.94465, '2021-08-07 07:21:03', '2021-08-07 07:21:03'),
(654, 1, '1.630', '11706.14193', 2574.99124, '2021-08-07 16:43:14', '2021-08-07 16:43:14'),
(655, 1, '1.575', '11268.75470', 2478.77950, '2021-08-08 08:42:33', '2021-08-08 08:42:33'),
(656, 1, '1.510', '10741.35055', 2574.99124, '2021-08-08 08:54:41', '2021-08-08 08:54:41'),
(657, 1, '1.380', '9660.11903', 2124.92912, '2021-08-08 12:16:58', '2021-08-08 12:16:58'),
(658, 1, '1.705', '12286.97209', 2702.75601, '2021-08-09 18:26:25', '2021-08-09 18:26:25'),
(659, 1, '1.580', '11308.87561', 2487.60487, '2021-08-09 18:56:32', '2021-08-09 18:56:32'),
(660, 1, '1.515', '10782.28065', 2371.77017, '2021-08-10 06:49:31', '2021-08-10 06:49:31'),
(661, 1, '1.300', '8982.49928', 1975.87362, '2021-08-10 06:56:40', '2021-08-10 06:56:40'),
(662, 1, '1.780', '12846.50570', 2825.83620, '2021-08-12 16:59:33', '2021-08-12 16:59:33'),
(664, 1, '1.485', '10535.88007', 2317.56962, '2021-08-12 17:48:42', '2021-08-12 17:48:42'),
(665, 1, '1.350', '9406.34054', 2069.21564, '2021-08-19 16:45:30', '2021-08-19 16:45:30'),
(666, 2, '0.660', '8300.60742', 1825.87837, '2021-08-20 14:38:42', '2021-08-20 14:38:42');

-- --------------------------------------------------------

--
-- Table structure for table `distributor`
--

CREATE TABLE `distributor` (
  `distributor_id` int(11) NOT NULL,
  `name` varchar(100) NOT NULL,
  `email` varchar(100) NOT NULL,
  `phone` varchar(15) NOT NULL,
  `pending_amount` decimal(14,2) NOT NULL DEFAULT 0.00,
  `created_at` timestamp NOT NULL DEFAULT current_timestamp() ON UPDATE current_timestamp(),
  `updated_at` timestamp NOT NULL DEFAULT current_timestamp(),
  `created_by` int(11) NOT NULL
) ENGINE=InnoDB DEFAULT CHARSET=latin1;

--
-- Dumping data for table `distributor`
--

INSERT INTO `distributor` (`distributor_id`, `name`, `email`, `phone`, `pending_amount`, `created_at`, `updated_at`, `created_by`) VALUES
(6, 'Shell-Islambad', 'shellislmbd@gmail.com', '+92.3112080088', '0.00', '2021-08-20 11:04:46', '2021-08-20 14:04:46', 2);

-- --------------------------------------------------------

--
-- Table structure for table `expense`
--

CREATE TABLE `expense` (
  `expense_id` int(11) NOT NULL,
  `expense_head_id` int(11) NOT NULL,
  `expense_type_id` int(11) NOT NULL,
  `amount` decimal(14,2) NOT NULL,
  `description` varchar(200) NOT NULL,
  `expense_date` datetime DEFAULT NULL,
  `created_at` timestamp NOT NULL DEFAULT current_timestamp() ON UPDATE current_timestamp(),
  `updated_at` timestamp NOT NULL DEFAULT current_timestamp()
) ENGINE=InnoDB DEFAULT CHARSET=latin1;

--
-- Dumping data for table `expense`
--

INSERT INTO `expense` (`expense_id`, `expense_head_id`, `expense_type_id`, `amount`, `description`, `expense_date`, `created_at`, `updated_at`) VALUES
(17, 13, 1, '9435.00', 'This is the free sale', '2021-07-10 00:00:00', '2021-08-10 10:40:21', '2021-08-10 10:40:21'),
(18, 14, 1, '40900.00', 'Liaqats saib expense in july', '2021-07-10 00:00:00', '2021-08-10 10:41:23', '2021-08-10 10:41:23'),
(19, 15, 1, '25877.00', 'This is faisal\'s expense in july', '2021-07-10 00:00:00', '2021-08-10 10:42:25', '2021-08-10 10:42:25'),
(20, 16, 1, '25826.00', 'Iftikhar saib july expense', '2021-07-10 00:00:00', '2021-08-10 10:43:12', '2021-08-10 10:43:12'),
(21, 17, 1, '45793.00', 'Niaz saib july\'s expense', '2021-07-10 00:00:00', '2021-08-10 10:43:45', '2021-08-10 10:43:45'),
(22, 22, 2, '2550.00', 'This is maintenance expense', '2021-07-10 00:00:00', '2021-08-10 17:36:31', '2021-08-10 17:36:31'),
(23, 27, 2, '3072.00', 'Mark Up HBL RIF', '2021-07-10 00:00:00', '2021-08-10 14:58:38', '2021-08-10 17:56:26'),
(24, 28, 2, '3210.00', 'POS Machine Charger', '2021-07-10 00:00:00', '2021-08-10 18:00:25', '2021-08-10 18:00:25'),
(25, 8, 2, '700.00', 'Travelling Expense', '2021-07-10 00:00:00', '2021-08-10 18:01:27', '2021-08-10 18:01:27'),
(26, 9, 2, '76760.00', 'Electricity Bill', '2021-07-10 00:00:00', '2021-08-10 18:02:01', '2021-08-10 18:02:01'),
(27, 10, 2, '2610.00', 'Phone Bill', '2021-07-10 00:00:00', '2021-08-10 18:03:08', '2021-08-10 18:03:08'),
(28, 11, 2, '121000.00', 'Salaries', '2021-07-10 00:00:00', '2021-08-10 18:03:50', '2021-08-10 18:03:50'),
(29, 12, 2, '6900.00', 'Stationary', '2021-07-10 00:00:00', '2021-08-10 18:04:25', '2021-08-10 18:04:25'),
(31, 24, 2, '5080.00', 'Miscell. Expense', '2021-07-10 00:00:00', '2021-08-10 18:05:50', '2021-08-10 18:05:50'),
(32, 29, 2, '2000.00', 'Mosques etc', '2021-07-10 00:00:00', '2021-08-10 18:06:42', '2021-08-10 18:06:42'),
(33, 18, 2, '600.00', 'News paper expense', '2021-07-10 00:00:00', '2021-08-10 18:07:10', '2021-08-10 18:07:10'),
(34, 23, 2, '3200.00', 'TA DA', '2021-07-10 00:00:00', '2021-08-10 18:07:49', '2021-08-10 18:07:49'),
(35, 19, 2, '4530.00', 'Mess expense', '2021-07-10 00:00:00', '2021-08-10 18:08:18', '2021-08-10 18:08:18'),
(36, 20, 2, '1890.00', 'Discounts', '2021-07-10 00:00:00', '2021-08-10 18:08:43', '2021-08-10 18:08:43'),
(37, 21, 2, '33938.00', 'Generetor etc', '2021-07-10 00:00:00', '2021-08-10 18:09:28', '2021-08-10 18:09:28'),
(41, 9, 2, '2300.00', 'Meter 1', '2021-08-03 00:00:00', '2021-08-20 20:27:42', '2021-08-20 20:27:42'),
(42, 9, 2, '15000.00', 'Meter 2', '2021-08-18 00:00:00', '2021-08-20 20:29:40', '2021-08-20 20:29:40');

-- --------------------------------------------------------

--
-- Table structure for table `expense_head`
--

CREATE TABLE `expense_head` (
  `expense_head_id` int(11) NOT NULL,
  `name` varchar(100) NOT NULL,
  `created_at` timestamp NOT NULL DEFAULT current_timestamp() ON UPDATE current_timestamp(),
  `updated_at` timestamp NOT NULL DEFAULT current_timestamp() ON UPDATE current_timestamp()
) ENGINE=InnoDB DEFAULT CHARSET=latin1;

--
-- Dumping data for table `expense_head`
--

INSERT INTO `expense_head` (`expense_head_id`, `name`, `created_at`, `updated_at`) VALUES
(7, 'ATM charges', '2021-07-27 12:14:54', '2021-07-27 12:14:54'),
(8, 'Travelling and Conveyance', '2021-07-27 12:16:19', '2021-07-27 12:16:19'),
(9, 'Electricity Bill', '2021-07-27 12:17:12', '2021-07-27 12:17:12'),
(10, 'Telephone Bill', '2021-07-27 12:17:28', '2021-07-27 12:17:28'),
(11, 'Salary Expenses', '2021-07-27 12:17:45', '2021-07-27 12:17:45'),
(12, 'Stationary', '2021-07-27 12:18:02', '2021-07-27 12:18:02'),
(13, 'Free Sale', '2021-07-27 12:18:14', '2021-07-27 12:18:14'),
(14, 'Liaqat Sb Car', '2021-07-27 12:18:28', '2021-07-27 12:18:28'),
(15, 'Faisal Sb Car', '2021-07-27 12:18:41', '2021-07-27 12:18:41'),
(16, 'Iftikhar Sb Car', '2021-07-27 12:18:53', '2021-07-27 12:18:53'),
(17, 'Niaz Sb Car', '2021-07-27 12:19:04', '2021-07-27 12:19:04'),
(18, 'News Paper', '2021-07-27 12:19:18', '2021-07-27 12:19:18'),
(19, 'Mess Expenses', '2021-07-27 12:19:30', '2021-07-27 12:19:30'),
(20, 'Discount', '2021-07-27 12:19:40', '2021-07-27 12:19:40'),
(21, 'Generator', '2021-07-27 12:19:50', '2021-07-27 12:19:50'),
(22, 'Repair and Maintenance', '2021-07-27 12:20:24', '2021-07-27 12:20:24'),
(23, 'Tanker and TA/DA', '2021-07-27 12:20:43', '2021-07-27 12:20:43'),
(24, 'Misc. Expenses', '2021-07-27 12:20:58', '2021-07-27 12:20:58'),
(25, 'Refreshment', '2021-07-27 13:18:18', '2021-07-27 13:18:18'),
(27, 'Mark up HBL RIF', '2021-08-10 17:55:48', '2021-08-10 17:55:48'),
(28, 'POS Machine Charger', '2021-08-10 17:59:46', '2021-08-10 17:59:46'),
(29, 'Donation', '2021-08-10 18:06:22', '2021-08-10 18:06:22');

-- --------------------------------------------------------

--
-- Table structure for table `expense_type`
--

CREATE TABLE `expense_type` (
  `id` int(11) NOT NULL,
  `expense_type` varchar(100) NOT NULL,
  `created_at` timestamp NOT NULL DEFAULT current_timestamp(),
  `updated_at` timestamp NOT NULL DEFAULT current_timestamp()
) ENGINE=InnoDB DEFAULT CHARSET=latin1;

--
-- Dumping data for table `expense_type`
--

INSERT INTO `expense_type` (`id`, `expense_type`, `created_at`, `updated_at`) VALUES
(1, 'Personal Expense', '2021-07-31 06:34:08', '2021-07-31 06:34:08'),
(2, 'Business Expense', '2021-07-31 06:34:08', '2021-07-31 06:34:08');

-- --------------------------------------------------------

--
-- Table structure for table `failed_jobs`
--

CREATE TABLE `failed_jobs` (
  `id` bigint(20) UNSIGNED NOT NULL,
  `uuid` varchar(255) COLLATE utf8mb4_unicode_ci NOT NULL,
  `connection` text COLLATE utf8mb4_unicode_ci NOT NULL,
  `queue` text COLLATE utf8mb4_unicode_ci NOT NULL,
  `payload` longtext COLLATE utf8mb4_unicode_ci NOT NULL,
  `exception` longtext COLLATE utf8mb4_unicode_ci NOT NULL,
  `failed_at` timestamp NOT NULL DEFAULT current_timestamp()
) ENGINE=InnoDB DEFAULT CHARSET=utf8mb4 COLLATE=utf8mb4_unicode_ci;

-- --------------------------------------------------------

--
-- Table structure for table `indent_price_track`
--

CREATE TABLE `indent_price_track` (
  `id` int(11) NOT NULL,
  `nozzel_type` int(11) NOT NULL,
  `stock` decimal(15,2) NOT NULL,
  `indent_price` decimal(14,2) NOT NULL,
  `created_at` timestamp NOT NULL DEFAULT current_timestamp() ON UPDATE current_timestamp(),
  `updated_at` timestamp NOT NULL DEFAULT current_timestamp()
) ENGINE=InnoDB DEFAULT CHARSET=latin1;

--
-- Dumping data for table `indent_price_track`
--

INSERT INTO `indent_price_track` (`id`, `nozzel_type`, `stock`, `indent_price`, `created_at`, `updated_at`) VALUES
(3, 1, '200.00', '118.00', '2021-07-31 13:30:40', '2021-07-29 21:40:32'),
(4, 2, '30.00', '112.00', '2021-07-29 21:41:32', '2021-07-29 21:41:32'),
(5, 1, '360.00', '114.00', '2021-07-29 21:41:32', '2021-07-29 21:41:32'),
(6, 2, '500.00', '115.00', '2021-07-29 21:38:07', '2021-07-29 19:41:15');

-- --------------------------------------------------------

--
-- Table structure for table `lubricants_stock_in`
--

CREATE TABLE `lubricants_stock_in` (
  `stock_in_id` int(11) NOT NULL,
  `purchase_id` int(11) NOT NULL,
  `item_id` int(11) NOT NULL,
  `quantity` decimal(14,1) NOT NULL,
  `indent_price` decimal(14,2) NOT NULL,
  `created_at` timestamp NULL DEFAULT NULL ON UPDATE current_timestamp(),
  `updated_at` timestamp NOT NULL DEFAULT current_timestamp()
) ENGINE=InnoDB DEFAULT CHARSET=latin1;

--
-- Dumping data for table `lubricants_stock_in`
--

INSERT INTO `lubricants_stock_in` (`stock_in_id`, `purchase_id`, `item_id`, `quantity`, `indent_price`, `created_at`, `updated_at`) VALUES
(34, 146, 8, '21.0', '5153.27', '2021-07-20 10:47:24', '2021-08-20 10:47:24'),
(35, 147, 9, '11.0', '2063.16', '2021-07-20 10:49:10', '2021-08-20 10:49:10'),
(36, 148, 10, '12.0', '6519.24', '2021-07-20 10:49:41', '2021-08-20 10:49:41'),
(37, 149, 11, '23.0', '2609.55', '2021-07-20 10:50:11', '2021-08-20 10:50:11'),
(38, 150, 12, '21.0', '678.30', '2021-07-20 10:50:45', '2021-08-20 10:50:45'),
(39, 151, 13, '57.0', '2675.53', '2021-07-20 10:51:25', '2021-08-20 10:51:25'),
(40, 152, 14, '23.0', '2011.37', '2021-07-20 10:51:54', '2021-08-20 10:51:54'),
(41, 153, 15, '3.0', '697.15', '2021-07-20 10:52:27', '2021-08-20 10:52:27'),
(42, 154, 16, '27.0', '322.48', '2021-07-20 10:53:06', '2021-08-20 10:53:06'),
(43, 155, 17, '112.0', '382.73', '2021-07-20 10:53:45', '2021-08-20 10:53:45'),
(44, 156, 18, '10.0', '4571.34', '2021-07-20 10:54:38', '2021-08-20 10:54:38'),
(45, 157, 19, '7.0', '3354.67', '2021-07-20 07:57:27', '2021-08-20 10:55:43'),
(46, 158, 20, '7.0', '1254.99', '2021-07-20 11:11:15', '2021-08-20 11:11:15'),
(47, 159, 21, '1.0', '2611.23', '2021-07-21 11:11:49', '2021-08-20 11:11:49'),
(48, 160, 22, '390.0', '225.00', '2021-07-20 14:05:55', '2021-07-20 11:12:14'),
(50, 162, 24, '1.0', '0.00', '2021-07-20 11:11:09', '2021-07-20 14:04:46');

-- --------------------------------------------------------

--
-- Table structure for table `lubricant_categories`
--

CREATE TABLE `lubricant_categories` (
  `lubricant_category_id` int(11) NOT NULL,
  `lubricant_type` varchar(255) NOT NULL,
  `updated_at` timestamp NOT NULL DEFAULT current_timestamp(),
  `created_at` timestamp NOT NULL DEFAULT current_timestamp(),
  `isActive` int(11) NOT NULL DEFAULT 1
) ENGINE=InnoDB DEFAULT CHARSET=utf8mb4;

--
-- Dumping data for table `lubricant_categories`
--

INSERT INTO `lubricant_categories` (`lubricant_category_id`, `lubricant_type`, `updated_at`, `created_at`, `isActive`) VALUES
(18, 'Rimula', '2021-07-27 13:18:36', '2021-07-27 13:18:36', 1),
(19, 'HX', '2021-07-30 17:08:41', '2021-07-30 17:08:41', 1),
(20, 'Advance', '2021-07-30 17:09:13', '2021-07-30 17:09:13', 1),
(21, 'HLX', '2021-07-30 17:09:31', '2021-07-30 17:09:31', 1),
(22, 'Golden Oil', '2021-07-30 17:09:55', '2021-07-30 17:09:55', 1),
(23, 'HX5', '2021-08-18 16:33:12', '2021-08-18 16:33:12', 1),
(25, 'July Sale', '2021-08-20 13:55:47', '2021-08-20 13:55:47', 0);

-- --------------------------------------------------------

--
-- Table structure for table `lubricant_items`
--

CREATE TABLE `lubricant_items` (
  `lubricant_item_id` int(11) NOT NULL,
  `fk_lubricant_category` int(11) NOT NULL,
  `item_name` varchar(255) NOT NULL,
  `item_desc` text NOT NULL,
  `item_price` decimal(13,2) NOT NULL,
  `quantity` decimal(12,2) DEFAULT 0.00,
  `created_at` timestamp NOT NULL DEFAULT current_timestamp(),
  `updated_at` timestamp NOT NULL DEFAULT current_timestamp(),
  `isActive` int(11) NOT NULL DEFAULT 1
) ENGINE=InnoDB DEFAULT CHARSET=utf8mb4;

--
-- Dumping data for table `lubricant_items`
--

INSERT INTO `lubricant_items` (`lubricant_item_id`, `fk_lubricant_category`, `item_name`, `item_desc`, `item_price`, `quantity`, `created_at`, `updated_at`, `isActive`) VALUES
(8, 18, 'R1 10 Litres', '10 litres pack', '5470.00', '18.00', '2021-08-18 16:12:54', '2021-09-05 08:09:34', 1),
(9, 18, 'R1 04 ltrs', '4 liters pack', '2190.00', '8.00', '2021-08-18 16:13:47', '2021-09-05 08:09:35', 1),
(10, 18, 'R2 Ext 10 Litres', 'Ext 10 Liters', '6920.00', '10.00', '2021-08-18 16:14:37', '2021-08-23 07:24:38', 1),
(11, 18, 'R2 Ext 04 Liters', 'Ext 04 liters', '2770.00', '22.00', '2021-08-18 16:15:23', '2021-09-05 08:08:50', 1),
(12, 18, 'R2 Ext 01 Litre', 'R2 Ext 01 liter', '720.00', '21.00', '2021-08-18 16:16:30', '2021-08-23 07:24:38', 1),
(13, 21, 'HX3 04 liters', '04 Liters', '2840.00', '57.00', '2021-08-18 16:20:12', '2021-08-23 07:24:38', 1),
(14, 21, 'HX3 03 liters', '3 liters pack of HX3', '2135.00', '23.00', '2021-08-18 16:21:06', '2021-08-23 07:24:38', 1),
(15, 21, 'HX3 01 liters', '01 liters pack', '740.00', '3.00', '2021-08-18 16:22:18', '2021-08-23 07:24:38', 1),
(16, 20, 'Sx 2 0.7 liters', '0.7 liters pack', '330.00', '27.00', '2021-08-18 16:24:35', '2021-08-23 07:24:38', 1),
(17, 20, 'AX 3  0.7 Liters', '0.7 liters', '415.00', '109.00', '2021-08-18 16:26:32', '2021-08-23 07:24:38', 1),
(18, 21, 'Ultra 04 liters', 'HLX ultra 04', '5560.00', '10.00', '2021-08-18 16:29:22', '2021-08-23 07:24:38', 1),
(19, 21, 'Ultra 03 liters', 'HLX ultra 03', '4170.00', '11.00', '2021-08-18 16:30:11', '2021-08-23 07:24:38', 1),
(20, 21, 'Ultra 01 liters', 'Ultra 01 liters', '1560.00', '7.00', '2021-08-18 16:32:18', '2021-08-23 07:24:38', 1),
(21, 23, 'HX5 04 liters', '4 liters pack', '2940.00', '1.00', '2021-08-18 16:33:56', '2021-08-23 07:24:38', 1),
(22, 22, 'G-Oil', 'Golde open oil', '260.00', '380.00', '2021-08-18 16:34:31', '2021-08-23 07:24:38', 1),
(24, 25, 'July Sale total', 'total', '142515.00', '0.00', '2021-08-20 13:57:16', '2021-08-20 14:07:21', 0);

-- --------------------------------------------------------

--
-- Table structure for table `lubricant_sales`
--

CREATE TABLE `lubricant_sales` (
  `lubricant_sales_id` int(11) NOT NULL,
  `item_id` int(11) NOT NULL,
  `current_price` decimal(14,2) NOT NULL,
  `quantity` decimal(14,2) NOT NULL,
  `sale_date` datetime DEFAULT NULL,
  `created_at` timestamp NOT NULL DEFAULT current_timestamp(),
  `created_by` int(11) NOT NULL,
  `updated_at` timestamp NULL DEFAULT current_timestamp()
) ENGINE=InnoDB DEFAULT CHARSET=utf8mb4;

--
-- Dumping data for table `lubricant_sales`
--

INSERT INTO `lubricant_sales` (`lubricant_sales_id`, `item_id`, `current_price`, `quantity`, `sale_date`, `created_at`, `created_by`, `updated_at`) VALUES
(38, 24, '142515.00', '1.00', '2021-07-22 00:00:00', '2021-08-20 14:07:21', 2, '2021-08-20 14:07:21'),
(54, 8, '5470.00', '2.00', '2021-08-15 00:00:00', '2021-08-23 07:24:38', 2, '2021-08-23 07:24:38'),
(55, 9, '2190.00', '2.00', '2021-08-15 00:00:00', '2021-08-23 07:24:38', 2, '2021-08-23 07:24:38'),
(56, 10, '6920.00', '2.00', '2021-08-15 00:00:00', '2021-08-23 07:24:38', 2, '2021-08-23 07:24:38'),
(57, 11, '2770.00', '0.00', '2021-08-15 00:00:00', '2021-08-23 07:24:38', 2, '2021-08-23 07:24:38'),
(58, 12, '720.00', '0.00', '2021-08-15 00:00:00', '2021-08-23 07:24:38', 2, '2021-08-23 07:24:38'),
(59, 13, '2840.00', '0.00', '2021-08-15 00:00:00', '2021-08-23 07:24:38', 2, '2021-08-23 07:24:38'),
(60, 14, '2135.00', '0.00', '2021-08-15 00:00:00', '2021-08-23 07:24:38', 2, '2021-08-23 07:24:38'),
(61, 15, '740.00', '0.00', '2021-08-15 00:00:00', '2021-08-23 07:24:38', 2, '2021-08-23 07:24:38'),
(62, 16, '330.00', '0.00', '2021-08-15 00:00:00', '2021-08-23 07:24:38', 2, '2021-08-23 07:24:38'),
(63, 17, '415.00', '0.00', '2021-08-15 00:00:00', '2021-08-23 07:24:38', 2, '2021-08-23 07:24:38'),
(64, 18, '5560.00', '0.00', '2021-08-15 00:00:00', '2021-08-23 07:24:38', 2, '2021-08-23 07:24:38'),
(65, 19, '4170.00', '0.00', '2021-08-15 00:00:00', '2021-08-23 07:24:38', 2, '2021-08-23 07:24:38'),
(66, 20, '1560.00', '0.00', '2021-08-15 00:00:00', '2021-08-23 07:24:38', 2, '2021-08-23 07:24:38'),
(67, 21, '2940.00', '0.00', '2021-08-15 00:00:00', '2021-08-23 07:24:38', 2, '2021-08-23 07:24:38'),
(68, 22, '260.00', '0.00', '2021-08-15 00:00:00', '2021-08-23 07:24:38', 2, '2021-08-23 07:24:38');

-- --------------------------------------------------------

--
-- Table structure for table `migrations`
--

CREATE TABLE `migrations` (
  `id` int(10) UNSIGNED NOT NULL,
  `migration` varchar(255) COLLATE utf8mb4_unicode_ci NOT NULL,
  `batch` int(11) NOT NULL
) ENGINE=InnoDB DEFAULT CHARSET=utf8mb4 COLLATE=utf8mb4_unicode_ci;

--
-- Dumping data for table `migrations`
--

INSERT INTO `migrations` (`id`, `migration`, `batch`) VALUES
(1, '2014_10_12_000000_create_users_table', 1),
(2, '2014_10_12_100000_create_password_resets_table', 1),
(3, '2019_08_19_000000_create_failed_jobs_table', 1);

-- --------------------------------------------------------

--
-- Table structure for table `nozzel_numbers`
--

CREATE TABLE `nozzel_numbers` (
  `id` int(11) NOT NULL,
  `nozzel_type` int(11) NOT NULL,
  `nozzel_number` varchar(100) NOT NULL,
  `added_at` datetime NOT NULL,
  `added_by` int(11) NOT NULL,
  `updated_at` datetime DEFAULT NULL,
  `updated_by` int(11) DEFAULT NULL
) ENGINE=InnoDB DEFAULT CHARSET=latin1;

-- --------------------------------------------------------

--
-- Table structure for table `nozzel_readings`
--

CREATE TABLE `nozzel_readings` (
  `id` int(11) NOT NULL,
  `nozzel_type` int(11) NOT NULL,
  `nozzel_number` varchar(100) NOT NULL,
  `current_nozzle_price` double NOT NULL,
  `old_reading` double NOT NULL DEFAULT 0,
  `current_reading` double NOT NULL,
  `total_readings` double NOT NULL,
  `reading_date` datetime NOT NULL,
  `created_at` timestamp NOT NULL DEFAULT current_timestamp() ON UPDATE current_timestamp(),
  `added_by` int(11) NOT NULL,
  `updated_at` timestamp NULL DEFAULT NULL,
  `updated_by` int(11) DEFAULT NULL,
  `isActive` int(11) NOT NULL DEFAULT 1
) ENGINE=InnoDB DEFAULT CHARSET=latin1;

--
-- Dumping data for table `nozzel_readings`
--

INSERT INTO `nozzel_readings` (`id`, `nozzel_type`, `nozzel_number`, `current_nozzle_price`, `old_reading`, `current_reading`, `total_readings`, `reading_date`, `created_at`, `added_by`, `updated_at`, `updated_by`, `isActive`) VALUES
(901, 1, 'N1', 114.5, 2980286, 2980624, 2980624, '2021-07-08 00:00:00', '2021-07-17 10:41:50', 2, '2021-07-17 13:41:50', NULL, 0),
(902, 1, 'N2', 114.5, 3151823, 3151984, 3151984, '2021-07-08 00:00:00', '2021-07-17 10:41:50', 2, '2021-07-17 13:41:50', NULL, 0),
(903, 1, 'N3', 114.5, 4901789, 4902242, 4902242, '2021-07-08 00:00:00', '2021-07-17 10:41:50', 2, '2021-07-17 13:41:50', NULL, 0),
(904, 1, 'N4', 114.5, 3266120, 3266349, 3266349, '2021-07-08 00:00:00', '2021-07-17 10:41:50', 2, '2021-07-17 13:41:50', NULL, 0),
(905, 2, 'N1', 113.23, 2945863, 2947618, 2947618, '2021-07-08 00:00:00', '2021-07-17 10:41:50', 2, '2021-07-17 13:41:50', NULL, 0),
(906, 2, 'N2', 113.23, 90307, 90917, 90917, '2021-07-08 00:00:00', '2021-07-17 10:41:50', 2, '2021-07-17 13:41:50', NULL, 0),
(907, 2, 'N3', 113.23, 0, 0, 0, '2021-07-08 00:00:00', '2021-07-17 10:41:50', 2, '2021-07-17 13:41:50', NULL, 0),
(908, 2, 'N4', 113.23, 0, 0, 0, '2021-07-08 00:00:00', '2021-07-17 10:41:50', 2, '2021-07-17 13:41:50', NULL, 0),
(909, 1, 'N1', 114.5, 2980624, 2980951, 2980951, '2021-07-09 00:00:00', '2021-07-17 11:02:22', 2, '2021-07-17 14:02:22', NULL, 0),
(910, 1, 'N2', 114.5, 3151984, 3152339, 3152339, '2021-07-09 00:00:00', '2021-07-17 11:02:22', 2, '2021-07-17 14:02:22', NULL, 0),
(911, 1, 'N3', 114.5, 4902242, 4902447, 4902447, '2021-07-09 00:00:00', '2021-07-17 11:02:22', 2, '2021-07-17 14:02:22', NULL, 0),
(912, 1, 'N4', 114.5, 3266349, 3266449, 3266449, '2021-07-09 00:00:00', '2021-07-17 11:02:22', 2, '2021-07-17 14:02:22', NULL, 0),
(913, 2, 'N1', 113.23, 2947618, 2950501, 2950501, '2021-07-09 00:00:00', '2021-07-17 11:02:22', 2, '2021-07-17 14:02:22', NULL, 0),
(914, 2, 'N2', 113.23, 90917, 92092, 92092, '2021-07-09 00:00:00', '2021-07-17 11:02:22', 2, '2021-07-17 14:02:22', NULL, 0),
(915, 2, 'N3', 113.23, 0, 0, 0, '2021-07-09 00:00:00', '2021-07-17 11:02:22', 2, '2021-07-17 14:02:22', NULL, 0),
(916, 2, 'N4', 113.23, 0, 0, 0, '2021-07-09 00:00:00', '2021-07-17 11:02:22', 2, '2021-07-17 14:02:22', NULL, 0),
(917, 1, 'N1', 114.5, 2980951, 2981386, 2981386, '2021-07-10 00:00:00', '2021-07-17 11:11:52', 2, '2021-07-17 14:11:52', NULL, 0),
(918, 1, 'N2', 114.5, 3152339, 3152523, 3152523, '2021-07-10 00:00:00', '2021-07-17 11:11:52', 2, '2021-07-17 14:11:52', NULL, 0),
(919, 1, 'N3', 114.5, 4902447, 4902805, 4902805, '2021-07-10 00:00:00', '2021-07-17 11:11:52', 2, '2021-07-17 14:11:52', NULL, 0),
(920, 1, 'N4', 114.5, 3266449, 3266666, 3266666, '2021-07-10 00:00:00', '2021-07-17 11:11:52', 2, '2021-07-17 14:11:52', NULL, 0),
(921, 2, 'N1', 113.23, 2950501, 2953273, 2953273, '2021-07-10 00:00:00', '2021-07-17 11:11:52', 2, '2021-07-17 14:11:52', NULL, 0),
(922, 2, 'N2', 113.23, 92092, 93116, 93116, '2021-07-10 00:00:00', '2021-07-17 11:11:52', 2, '2021-07-17 14:11:52', NULL, 0),
(923, 2, 'N3', 113.23, 0, 0, 0, '2021-07-10 00:00:00', '2021-07-17 11:11:52', 2, '2021-07-17 14:11:52', NULL, 0),
(924, 2, 'N4', 113.23, 0, 0, 0, '2021-07-10 00:00:00', '2021-07-17 11:11:52', 2, '2021-07-17 14:11:52', NULL, 0),
(925, 1, 'N1', 114.5, 2981386, 2981837, 2981837, '2021-07-11 00:00:00', '2021-08-07 05:59:13', 2, '2021-08-07 08:59:13', NULL, 0),
(926, 1, 'N2', 114.5, 3152523, 3152719, 3152719, '2021-07-11 00:00:00', '2021-08-07 05:59:13', 2, '2021-08-07 08:59:13', NULL, 0),
(927, 1, 'N3', 114.5, 4902805, 4903045, 4903045, '2021-07-11 00:00:00', '2021-08-07 05:59:13', 2, '2021-08-07 08:59:13', NULL, 0),
(928, 1, 'N4', 114.5, 3266666, 3266802, 3266802, '2021-07-11 00:00:00', '2021-08-07 05:59:13', 2, '2021-08-07 08:59:13', NULL, 0),
(929, 2, 'N1', 113.23, 2953273, 2955697, 2955697, '2021-07-11 00:00:00', '2021-08-07 05:59:13', 2, '2021-08-07 08:59:13', NULL, 0),
(930, 2, 'N2', 113.23, 93116, 94035, 94035, '2021-07-11 00:00:00', '2021-08-07 05:59:13', 2, '2021-08-07 08:59:13', NULL, 0),
(931, 2, 'N3', 113.23, 0, 0, 0, '2021-07-11 00:00:00', '2021-08-07 05:59:13', 2, '2021-08-07 08:59:13', NULL, 0),
(932, 2, 'N4', 113.23, 0, 0, 0, '2021-07-11 00:00:00', '2021-08-07 05:59:13', 2, '2021-08-07 08:59:13', NULL, 0),
(933, 1, 'N1', 114.5, 2981837, 2982081, 2982081, '2021-07-12 00:00:00', '2021-08-07 06:18:34', 2, '2021-08-07 09:18:34', NULL, 0),
(934, 1, 'N2', 114.5, 3152719, 3152933, 3152933, '2021-07-12 00:00:00', '2021-08-07 06:18:34', 2, '2021-08-07 09:18:34', NULL, 0),
(935, 1, 'N3', 114.5, 4903045, 4903449, 4903449, '2021-07-12 00:00:00', '2021-08-07 06:18:34', 2, '2021-08-07 09:18:34', NULL, 0),
(936, 1, 'N4', 114.5, 3266802, 3267020, 3267020, '2021-07-12 00:00:00', '2021-08-07 06:18:34', 2, '2021-08-07 09:18:34', NULL, 0),
(937, 2, 'N1', 113.23, 2955697, 2957494, 2957494, '2021-07-12 00:00:00', '2021-08-07 06:18:34', 2, '2021-08-07 09:18:34', NULL, 0),
(938, 2, 'N2', 113.23, 94035, 94856, 94856, '2021-07-12 00:00:00', '2021-08-07 06:18:34', 2, '2021-08-07 09:18:34', NULL, 0),
(939, 2, 'N3', 113.23, 0, 0, 0, '2021-07-12 00:00:00', '2021-08-07 06:18:34', 2, '2021-08-07 09:18:34', NULL, 0),
(940, 2, 'N4', 113.23, 0, 0, 0, '2021-07-12 00:00:00', '2021-08-07 06:18:34', 2, '2021-08-07 09:18:34', NULL, 0),
(941, 1, 'N1', 114.5, 2982081, 2982582, 2982582, '2021-07-13 00:00:00', '2021-08-07 06:42:30', 2, '2021-08-07 09:42:30', NULL, 0),
(942, 1, 'N2', 114.5, 3152933, 3153045, 3153045, '2021-07-13 00:00:00', '2021-08-07 06:42:30', 2, '2021-08-07 09:42:30', NULL, 0),
(943, 1, 'N3', 114.5, 4903449, 4903718, 4903718, '2021-07-13 00:00:00', '2021-08-07 06:42:30', 2, '2021-08-07 09:42:30', NULL, 0),
(944, 1, 'N4', 114.5, 3267020, 3267240, 3267240, '2021-07-13 00:00:00', '2021-08-07 06:42:30', 2, '2021-08-07 09:42:30', NULL, 0),
(945, 2, 'N1', 113.23, 2957494, 2958785, 2958785, '2021-07-13 00:00:00', '2021-08-07 06:42:30', 2, '2021-08-07 09:42:30', NULL, 0),
(946, 2, 'N2', 113.23, 94856, 95457, 95457, '2021-07-13 00:00:00', '2021-08-07 06:42:30', 2, '2021-08-07 09:42:30', NULL, 0),
(947, 2, 'N3', 113.23, 0, 0, 0, '2021-07-13 00:00:00', '2021-08-07 06:42:30', 2, '2021-08-07 09:42:30', NULL, 0),
(948, 2, 'N4', 113.23, 0, 0, 0, '2021-07-13 00:00:00', '2021-08-07 06:42:30', 2, '2021-08-07 09:42:30', NULL, 0),
(949, 1, 'N1', 114.5, 2982582, 2983090, 2983090, '2021-07-14 00:00:00', '2021-08-07 07:16:20', 2, '2021-08-07 10:16:20', NULL, 0),
(950, 1, 'N2', 114.5, 3153045, 3153380, 3153380, '2021-07-14 00:00:00', '2021-08-07 07:16:20', 2, '2021-08-07 10:16:20', NULL, 0),
(951, 1, 'N3', 114.5, 4903718, 4904219, 4904219, '2021-07-14 00:00:00', '2021-08-07 07:16:20', 2, '2021-08-07 10:16:20', NULL, 0),
(952, 1, 'N4', 114.5, 3267240, 3267338, 3267338, '2021-07-14 00:00:00', '2021-08-07 07:16:20', 2, '2021-08-07 10:16:20', NULL, 0),
(953, 2, 'N1', 113.23, 2958785, 2961438, 2961438, '2021-07-14 00:00:00', '2021-08-07 07:16:20', 2, '2021-08-07 10:16:20', NULL, 0),
(954, 2, 'N2', 113.23, 95457, 96488, 96488, '2021-07-14 00:00:00', '2021-08-07 07:16:20', 2, '2021-08-07 10:16:20', NULL, 0),
(955, 2, 'N3', 113.23, 0, 0, 0, '2021-07-14 00:00:00', '2021-08-07 07:16:20', 2, '2021-08-07 10:16:20', NULL, 0),
(956, 2, 'N4', 113.23, 0, 0, 0, '2021-07-14 00:00:00', '2021-08-07 07:16:20', 2, '2021-08-07 10:16:20', NULL, 0),
(957, 1, 'N1', 114.5, 2983090, 2983207, 2983207, '2021-07-15 00:00:00', '2021-08-07 16:02:47', 2, '2021-08-07 19:02:47', NULL, 0),
(958, 1, 'N2', 114.5, 3153380, 3153710, 3153710, '2021-07-15 00:00:00', '2021-08-07 16:02:47', 2, '2021-08-07 19:02:47', NULL, 0),
(959, 1, 'N3', 114.5, 4904219, 4904865, 4904865, '2021-07-15 00:00:00', '2021-08-07 16:02:47', 2, '2021-08-07 19:02:47', NULL, 0),
(960, 1, 'N4', 114.5, 3267338, 3268364, 3268364, '2021-07-15 00:00:00', '2021-08-07 16:02:47', 2, '2021-08-07 19:02:47', NULL, 0),
(961, 2, 'N1', 113.23, 2961438, 2964314, 2964314, '2021-07-15 00:00:00', '2021-08-07 16:02:47', 2, '2021-08-07 19:02:47', NULL, 0),
(962, 2, 'N2', 113.23, 96488, 97639, 97639, '2021-07-15 00:00:00', '2021-08-07 16:02:47', 2, '2021-08-07 19:02:47', NULL, 0),
(963, 2, 'N3', 113.23, 0, 0, 0, '2021-07-15 00:00:00', '2021-08-07 16:02:47', 2, '2021-08-07 19:02:47', NULL, 0),
(964, 2, 'N4', 113.23, 0, 0, 0, '2021-07-15 00:00:00', '2021-08-07 16:02:47', 2, '2021-08-07 19:02:47', NULL, 0),
(965, 1, 'N1', 117.1, 2983207, 2983498, 2983498, '2021-07-16 00:00:00', '2021-08-07 16:12:25', 2, '2021-08-07 19:12:25', NULL, 0),
(966, 1, 'N2', 117.1, 3153710, 3153851, 3153851, '2021-07-16 00:00:00', '2021-08-07 16:12:25', 2, '2021-08-07 19:12:25', NULL, 0),
(967, 1, 'N3', 117.1, 4904865, 4905056, 4905056, '2021-07-16 00:00:00', '2021-08-07 16:12:25', 2, '2021-08-07 19:12:25', NULL, 0),
(968, 1, 'N4', 117.1, 3268364, 3268607, 3268607, '2021-07-16 00:00:00', '2021-08-07 16:12:25', 2, '2021-08-07 19:12:25', NULL, 0),
(969, 2, 'N1', 118.61, 2964314, 2966704, 2966704, '2021-07-16 00:00:00', '2021-08-07 16:12:25', 2, '2021-08-07 19:12:25', NULL, 0),
(970, 2, 'N2', 118.61, 97639, 98446, 98446, '2021-07-16 00:00:00', '2021-08-07 16:12:25', 2, '2021-08-07 19:12:25', NULL, 0),
(971, 2, 'N3', 118.61, 0, 0, 0, '2021-07-16 00:00:00', '2021-08-07 16:12:25', 2, '2021-08-07 19:12:25', NULL, 0),
(972, 2, 'N4', 118.61, 0, 0, 0, '2021-07-16 00:00:00', '2021-08-07 16:12:25', 2, '2021-08-07 19:12:25', NULL, 0),
(973, 1, 'N1', 117.1, 2983498, 2984050, 2984050, '2021-07-17 00:00:00', '2021-08-07 16:20:42', 2, '2021-08-07 19:20:42', NULL, 0),
(974, 1, 'N2', 117.1, 3153851, 3154146, 3154146, '2021-07-17 00:00:00', '2021-08-07 16:20:42', 2, '2021-08-07 19:20:42', NULL, 0),
(975, 1, 'N3', 117.1, 4905056, 4905318, 4905318, '2021-07-17 00:00:00', '2021-08-07 16:20:42', 2, '2021-08-07 19:20:42', NULL, 0),
(976, 1, 'N4', 117.1, 3268607, 3268772, 3268772, '2021-07-17 00:00:00', '2021-08-07 16:20:42', 2, '2021-08-07 19:20:42', NULL, 0),
(977, 2, 'N1', 118.61, 2966704, 2969304, 2969304, '2021-07-17 00:00:00', '2021-08-07 16:20:42', 2, '2021-08-07 19:20:42', NULL, 0),
(978, 2, 'N2', 118.61, 98446, 99285, 99285, '2021-07-17 00:00:00', '2021-08-07 16:20:42', 2, '2021-08-07 19:20:42', NULL, 0),
(979, 2, 'N3', 118.61, 0, 0, 0, '2021-07-17 00:00:00', '2021-08-07 16:20:42', 2, '2021-08-07 19:20:42', NULL, 0),
(980, 2, 'N4', 118.61, 0, 0, 0, '2021-07-17 00:00:00', '2021-08-07 16:20:42', 2, '2021-08-07 19:20:42', NULL, 0),
(981, 1, 'N1', 117.1, 2984050, 2984475, 2984475, '2021-07-18 00:00:00', '2021-08-07 16:32:01', 2, '2021-08-07 19:32:01', NULL, 0),
(982, 1, 'N2', 117.1, 3154146, 3154483, 3154483, '2021-07-18 00:00:00', '2021-08-07 16:32:01', 2, '2021-08-07 19:32:01', NULL, 0),
(983, 1, 'N3', 117.1, 4905318, 4905558, 4905558, '2021-07-18 00:00:00', '2021-08-07 16:32:01', 2, '2021-08-07 19:32:01', NULL, 0),
(984, 1, 'N4', 117.1, 3268772, 3268910, 3268910, '2021-07-18 00:00:00', '2021-08-07 16:32:01', 2, '2021-08-07 19:32:01', NULL, 0),
(985, 2, 'N1', 118.61, 2969304, 2972277, 2972277, '2021-07-18 00:00:00', '2021-08-07 16:32:01', 2, '2021-08-07 19:32:01', NULL, 0),
(986, 2, 'N2', 118.61, 99285, 100506, 100506, '2021-07-18 00:00:00', '2021-08-07 16:32:01', 2, '2021-08-07 19:32:01', NULL, 0),
(987, 2, 'N3', 118.61, 0, 0, 0, '2021-07-18 00:00:00', '2021-08-07 16:32:01', 2, '2021-08-07 19:32:01', NULL, 0),
(988, 2, 'N4', 118.61, 0, 0, 0, '2021-07-18 00:00:00', '2021-08-07 16:32:01', 2, '2021-08-07 19:32:01', NULL, 0),
(989, 1, 'N1', 117.1, 2984475, 2984568, 2984568, '2021-07-19 00:00:00', '2021-08-08 08:32:37', 2, '2021-08-08 11:32:37', NULL, 0),
(990, 1, 'N2', 117.1, 3154483, 3155466, 3155466, '2021-07-19 00:00:00', '2021-08-08 08:32:37', 2, '2021-08-08 11:32:37', NULL, 0),
(991, 1, 'N3', 117.1, 4905558, 4906367, 4906367, '2021-07-19 00:00:00', '2021-08-08 08:32:37', 2, '2021-08-08 11:32:37', NULL, 0),
(992, 1, 'N4', 117.1, 3268910, 3269168, 3269168, '2021-07-19 00:00:00', '2021-08-08 08:32:37', 2, '2021-08-08 11:32:37', NULL, 0),
(993, 2, 'N1', 118.61, 2972277, 2976648, 2976648, '2021-07-19 00:00:00', '2021-08-08 08:32:37', 2, '2021-08-08 11:32:37', NULL, 0),
(994, 2, 'N2', 118.61, 100506, 102609, 102609, '2021-07-19 00:00:00', '2021-08-08 08:32:37', 2, '2021-08-08 11:32:37', NULL, 0),
(995, 2, 'N3', 118.61, 0, 0, 0, '2021-07-19 00:00:00', '2021-08-08 08:32:37', 2, '2021-08-08 11:32:37', NULL, 0),
(996, 2, 'N4', 118.61, 0, 0, 0, '2021-07-19 00:00:00', '2021-08-08 08:32:37', 2, '2021-08-08 11:32:37', NULL, 0),
(997, 1, 'N1', 117.1, 2984568, 2984605, 2984605, '2021-07-20 00:00:00', '2021-08-08 08:46:24', 2, '2021-08-08 11:46:24', NULL, 0),
(998, 1, 'N2', 117.1, 3155466, 3155488, 3155488, '2021-07-20 00:00:00', '2021-08-08 08:46:24', 2, '2021-08-08 11:46:24', NULL, 0),
(999, 1, 'N3', 117.1, 4906367, 4906694, 4906694, '2021-07-20 00:00:00', '2021-08-08 08:46:24', 2, '2021-08-08 11:46:24', NULL, 0),
(1000, 1, 'N4', 117.1, 3269168, 3269230, 3269230, '2021-07-20 00:00:00', '2021-08-08 08:46:24', 2, '2021-08-08 11:46:24', NULL, 0),
(1001, 2, 'N1', 118.61, 2976648, 2979287, 2979287, '2021-07-20 00:00:00', '2021-08-08 08:46:24', 2, '2021-08-08 11:46:24', NULL, 0),
(1002, 2, 'N2', 118.61, 102609, 103950, 103950, '2021-07-20 00:00:00', '2021-08-08 08:46:24', 2, '2021-08-08 11:46:24', NULL, 0),
(1003, 2, 'N3', 118.61, 0, 0, 0, '2021-07-20 00:00:00', '2021-08-08 08:46:24', 2, '2021-08-08 11:46:24', NULL, 0),
(1004, 2, 'N4', 118.61, 0, 0, 0, '2021-07-20 00:00:00', '2021-08-08 08:46:24', 2, '2021-08-08 11:46:24', NULL, 0),
(1005, 1, 'N1', 117.1, 2984605, 2984605, 2984605, '2021-07-21 00:00:00', '2021-08-08 08:56:42', 2, '2021-08-08 11:56:42', NULL, 0),
(1006, 1, 'N2', 117.1, 3155488, 3155488, 3155488, '2021-07-21 00:00:00', '2021-08-08 08:56:42', 2, '2021-08-08 11:56:42', NULL, 0),
(1007, 1, 'N3', 117.1, 4906694, 4906694, 4906694, '2021-07-21 00:00:00', '2021-08-08 08:56:42', 2, '2021-08-08 11:56:42', NULL, 0),
(1008, 1, 'N4', 117.1, 3269230, 3269230, 3269230, '2021-07-21 00:00:00', '2021-08-08 08:56:42', 2, '2021-08-08 11:56:42', NULL, 0),
(1009, 2, 'N1', 118.61, 2979287, 2980435, 2980435, '2021-07-21 00:00:00', '2021-08-08 08:56:42', 2, '2021-08-08 11:56:42', NULL, 0),
(1010, 2, 'N2', 118.61, 103950, 104401, 104401, '2021-07-21 00:00:00', '2021-08-08 08:56:42', 2, '2021-08-08 11:56:42', NULL, 0),
(1011, 2, 'N3', 118.61, 0, 0, 0, '2021-07-21 00:00:00', '2021-08-08 08:56:42', 2, '2021-08-08 11:56:42', NULL, 0),
(1012, 2, 'N4', 118.61, 0, 0, 0, '2021-07-21 00:00:00', '2021-08-08 08:56:42', 2, '2021-08-08 11:56:42', NULL, 0),
(1013, 1, 'N1', 117.1, 2984605, 2984657, 2984657, '2021-07-22 00:00:00', '2021-08-08 12:12:48', 2, '2021-08-08 15:12:48', NULL, 0),
(1014, 1, 'N2', 117.1, 3155488, 3155515, 3155515, '2021-07-22 00:00:00', '2021-08-08 12:12:48', 2, '2021-08-08 15:12:48', NULL, 0),
(1015, 1, 'N3', 117.1, 4906694, 4906972, 4906972, '2021-07-22 00:00:00', '2021-08-08 12:12:48', 2, '2021-08-08 15:12:48', NULL, 0),
(1016, 1, 'N4', 117.1, 3269230, 3269358, 3269358, '2021-07-22 00:00:00', '2021-08-08 12:12:48', 2, '2021-08-08 15:12:48', NULL, 0),
(1017, 2, 'N1', 118.61, 2980435, 2983725, 2983725, '2021-07-22 00:00:00', '2021-08-08 12:12:48', 2, '2021-08-08 15:12:48', NULL, 0),
(1018, 2, 'N2', 118.61, 104401, 105650, 105650, '2021-07-22 00:00:00', '2021-08-08 12:12:48', 2, '2021-08-08 15:12:48', NULL, 0),
(1019, 2, 'N3', 118.61, 0, 0, 0, '2021-07-22 00:00:00', '2021-08-08 12:12:48', 2, '2021-08-08 15:12:48', NULL, 0),
(1020, 2, 'N4', 118.61, 0, 0, 0, '2021-07-22 00:00:00', '2021-08-08 12:12:48', 2, '2021-08-08 15:12:48', NULL, 0),
(1021, 1, 'N1', 117.1, 2984657, 2985261, 2985261, '2021-07-23 00:00:00', '2021-08-08 12:21:16', 2, '2021-08-08 15:21:16', NULL, 0),
(1022, 1, 'N2', 117.1, 3155515, 3155574, 3155574, '2021-07-23 00:00:00', '2021-08-08 12:21:16', 2, '2021-08-08 15:21:16', NULL, 0),
(1023, 1, 'N3', 117.1, 4906972, 4907184, 4907184, '2021-07-23 00:00:00', '2021-08-08 12:21:16', 2, '2021-08-08 15:21:16', NULL, 0),
(1024, 1, 'N4', 117.1, 3269358, 3269525, 3269525, '2021-07-23 00:00:00', '2021-08-08 12:21:16', 2, '2021-08-08 15:21:16', NULL, 0),
(1025, 2, 'N1', 118.61, 2983725, 2985355, 2985355, '2021-07-23 00:00:00', '2021-08-08 12:21:16', 2, '2021-08-08 15:21:16', NULL, 0),
(1026, 2, 'N2', 118.61, 105650, 106170, 106170, '2021-07-23 00:00:00', '2021-08-08 12:21:16', 2, '2021-08-08 15:21:16', NULL, 0),
(1027, 2, 'N3', 118.61, 0, 0, 0, '2021-07-23 00:00:00', '2021-08-08 12:21:16', 2, '2021-08-08 15:21:16', NULL, 0),
(1028, 2, 'N4', 118.61, 0, 0, 0, '2021-07-23 00:00:00', '2021-08-08 12:21:16', 2, '2021-08-08 15:21:16', NULL, 0),
(1029, 1, 'N1', 117.1, 2985261, 2985910, 2985910, '2021-07-24 00:00:00', '2021-08-08 12:40:10', 2, '2021-08-08 15:40:10', NULL, 0),
(1030, 1, 'N2', 117.1, 3155574, 3155711, 3155711, '2021-07-24 00:00:00', '2021-08-08 12:40:10', 2, '2021-08-08 15:40:10', NULL, 0),
(1031, 1, 'N3', 117.1, 4907184, 4907672, 4907672, '2021-07-24 00:00:00', '2021-08-08 12:40:10', 2, '2021-08-08 15:40:10', NULL, 0),
(1032, 1, 'N4', 117.1, 3269525, 3269677, 3269677, '2021-07-24 00:00:00', '2021-08-08 12:40:10', 2, '2021-08-08 15:40:10', NULL, 0),
(1033, 2, 'N1', 118.61, 2985355, 2987291, 2987291, '2021-07-24 00:00:00', '2021-08-08 12:40:10', 2, '2021-08-08 15:40:10', NULL, 0),
(1034, 2, 'N2', 118.61, 106170, 107199, 107199, '2021-07-24 00:00:00', '2021-08-08 12:40:10', 2, '2021-08-08 15:40:10', NULL, 0),
(1035, 2, 'N3', 118.61, 0, 0, 0, '2021-07-24 00:00:00', '2021-08-08 12:40:10', 2, '2021-08-08 15:40:10', NULL, 0),
(1036, 2, 'N4', 118.61, 0, 0, 0, '2021-07-24 00:00:00', '2021-08-08 12:40:10', 2, '2021-08-08 15:40:10', NULL, 0),
(1037, 1, 'N1', 117.1, 2985910, 2985961, 2985961, '2021-07-25 00:00:00', '2021-08-08 12:57:56', 2, '2021-08-08 15:57:56', NULL, 0),
(1038, 1, 'N2', 117.1, 3155711, 3155828, 3155828, '2021-07-25 00:00:00', '2021-08-08 12:57:56', 2, '2021-08-08 15:57:56', NULL, 0),
(1039, 1, 'N3', 117.1, 4907672, 4907990, 4907990, '2021-07-25 00:00:00', '2021-08-08 12:57:56', 2, '2021-08-08 15:57:56', NULL, 0),
(1040, 1, 'N4', 117.1, 3269677, 3269800, 3269800, '2021-07-25 00:00:00', '2021-08-08 12:57:56', 2, '2021-08-08 15:57:56', NULL, 0),
(1041, 2, 'N1', 118.61, 2987291, 2990033, 2990033, '2021-07-25 00:00:00', '2021-08-08 12:57:56', 2, '2021-08-08 15:57:56', NULL, 0),
(1042, 2, 'N2', 118.61, 107199, 108749, 108749, '2021-07-25 00:00:00', '2021-08-08 12:57:56', 2, '2021-08-08 15:57:56', NULL, 0),
(1043, 2, 'N3', 118.61, 0, 0, 0, '2021-07-25 00:00:00', '2021-08-08 12:57:56', 2, '2021-08-08 15:57:56', NULL, 0),
(1044, 2, 'N4', 118.61, 0, 0, 0, '2021-07-25 00:00:00', '2021-08-08 12:57:56', 2, '2021-08-08 15:57:56', NULL, 0),
(1045, 1, 'N1', 117.1, 2985961, 2986539, 2986539, '2021-07-26 00:00:00', '2021-08-09 18:15:24', 2, '2021-08-09 21:15:24', NULL, 0),
(1046, 1, 'N2', 117.1, 3155828, 3156344, 3156344, '2021-07-26 00:00:00', '2021-08-09 18:15:24', 2, '2021-08-09 21:15:24', NULL, 0),
(1047, 1, 'N3', 117.1, 4907990, 4908342, 4908342, '2021-07-26 00:00:00', '2021-08-09 18:15:24', 2, '2021-08-09 21:15:24', NULL, 0),
(1048, 1, 'N4', 117.1, 3269800, 3270093, 3270093, '2021-07-26 00:00:00', '2021-08-09 18:15:24', 2, '2021-08-09 21:15:24', NULL, 0),
(1049, 2, 'N1', 118.61, 2990033, 2992500, 2992500, '2021-07-26 00:00:00', '2021-08-09 18:15:24', 2, '2021-08-09 21:15:24', NULL, 0),
(1050, 2, 'N2', 118.61, 108749, 110420, 110420, '2021-07-26 00:00:00', '2021-08-09 18:15:24', 2, '2021-08-09 21:15:24', NULL, 0),
(1051, 2, 'N3', 118.61, 0, 0, 0, '2021-07-26 00:00:00', '2021-08-09 18:15:24', 2, '2021-08-09 21:15:24', NULL, 0),
(1052, 2, 'N4', 118.61, 0, 0, 0, '2021-07-26 00:00:00', '2021-08-09 18:15:24', 2, '2021-08-09 21:15:24', NULL, 0),
(1053, 1, 'N1', 117.1, 2986539, 2986928, 2986928, '2021-07-27 00:00:00', '2021-08-09 18:21:30', 2, '2021-08-09 21:21:30', NULL, 0),
(1054, 1, 'N2', 117.1, 3156344, 3156473, 3156473, '2021-07-27 00:00:00', '2021-08-09 18:21:30', 2, '2021-08-09 21:21:30', NULL, 0),
(1055, 1, 'N3', 117.1, 4908342, 4908513, 4908513, '2021-07-27 00:00:00', '2021-08-09 18:21:30', 2, '2021-08-09 21:21:30', NULL, 0),
(1056, 1, 'N4', 117.1, 3270093, 3270270, 3270270, '2021-07-27 00:00:00', '2021-08-09 18:21:30', 2, '2021-08-09 21:21:30', NULL, 0),
(1057, 2, 'N1', 118.61, 2992500, 2994864, 2994864, '2021-07-27 00:00:00', '2021-08-09 18:21:30', 2, '2021-08-09 21:21:30', NULL, 0),
(1058, 2, 'N2', 118.61, 110420, 111582, 111582, '2021-07-27 00:00:00', '2021-08-09 18:21:30', 2, '2021-08-09 21:21:30', NULL, 0),
(1059, 2, 'N3', 118.61, 0, 0, 0, '2021-07-27 00:00:00', '2021-08-09 18:21:30', 2, '2021-08-09 21:21:30', NULL, 0),
(1060, 2, 'N4', 118.61, 0, 0, 0, '2021-07-27 00:00:00', '2021-08-09 18:21:30', 2, '2021-08-09 21:21:30', NULL, 0),
(1061, 1, 'N1', 117.1, 2986928, 2987170, 2987170, '2021-07-28 00:00:00', '2021-08-09 18:54:23', 2, '2021-08-09 21:54:23', NULL, 0),
(1062, 1, 'N2', 117.1, 3156473, 3156590, 3156590, '2021-07-28 00:00:00', '2021-08-09 18:54:23', 2, '2021-08-09 21:54:23', NULL, 0),
(1063, 1, 'N3', 117.1, 4908513, 4908893, 4908893, '2021-07-28 00:00:00', '2021-08-09 18:54:23', 2, '2021-08-09 21:54:23', NULL, 0),
(1064, 1, 'N4', 117.1, 3270270, 3270334, 3270334, '2021-07-28 00:00:00', '2021-08-09 18:54:23', 2, '2021-08-09 21:54:23', NULL, 0),
(1065, 2, 'N1', 118.61, 2994864, 2997590, 2997590, '2021-07-28 00:00:00', '2021-08-09 18:54:23', 2, '2021-08-09 21:54:23', NULL, 0),
(1066, 2, 'N2', 118.61, 111582, 112470, 112470, '2021-07-28 00:00:00', '2021-08-09 18:54:23', 2, '2021-08-09 21:54:23', NULL, 0),
(1067, 2, 'N3', 118.61, 0, 0, 0, '2021-07-28 00:00:00', '2021-08-09 18:54:23', 2, '2021-08-09 21:54:23', NULL, 0),
(1068, 2, 'N4', 118.61, 0, 0, 0, '2021-07-28 00:00:00', '2021-08-09 18:54:23', 2, '2021-08-09 21:54:23', NULL, 0),
(1069, 1, 'N1', 117.1, 2987170, 2987478, 2987478, '2021-07-29 00:00:00', '2021-08-10 06:48:00', 2, '2021-08-10 09:48:00', NULL, 0),
(1070, 1, 'N2', 117.1, 3156590, 3156867, 3156867, '2021-07-29 00:00:00', '2021-08-10 06:48:00', 2, '2021-08-10 09:48:00', NULL, 0),
(1071, 1, 'N3', 117.1, 4908893, 4909110, 4909110, '2021-07-29 00:00:00', '2021-08-10 06:48:00', 2, '2021-08-10 09:48:00', NULL, 0),
(1072, 1, 'N4', 117.1, 3270334, 3270480, 3270480, '2021-07-29 00:00:00', '2021-08-10 06:48:00', 2, '2021-08-10 09:48:00', NULL, 0),
(1073, 2, 'N1', 118.61, 2997590, 3000495, 3000495, '2021-07-29 00:00:00', '2021-08-10 06:48:00', 2, '2021-08-10 09:48:00', NULL, 0),
(1074, 2, 'N2', 118.61, 112470, 113378, 113378, '2021-07-29 00:00:00', '2021-08-10 06:48:00', 2, '2021-08-10 09:48:00', NULL, 0),
(1075, 2, 'N3', 118.61, 0, 0, 0, '2021-07-29 00:00:00', '2021-08-10 06:48:00', 2, '2021-08-10 09:48:00', NULL, 0),
(1076, 2, 'N4', 118.61, 0, 0, 0, '2021-07-29 00:00:00', '2021-08-10 06:48:00', 2, '2021-08-10 09:48:00', NULL, 0),
(1077, 1, 'N1', 117.1, 2987478, 2987654, 2987654, '2021-07-30 00:00:00', '2021-08-10 18:27:12', 2, '2021-08-10 21:27:12', NULL, 0),
(1078, 1, 'N2', 117.1, 3156867, 3156969, 3156969, '2021-07-30 00:00:00', '2021-08-10 18:27:12', 2, '2021-08-10 21:27:12', NULL, 0),
(1079, 1, 'N3', 117.1, 4909110, 4909222, 4909222, '2021-07-30 00:00:00', '2021-08-10 18:27:12', 2, '2021-08-10 21:27:12', NULL, 0),
(1080, 1, 'N4', 117.1, 3270480, 3270622, 3270622, '2021-07-30 00:00:00', '2021-08-10 18:27:12', 2, '2021-08-10 21:27:12', NULL, 0),
(1081, 2, 'N1', 118.61, 3000495, 3002782, 3002782, '2021-07-30 00:00:00', '2021-08-10 18:27:12', 2, '2021-08-10 21:27:12', NULL, 0),
(1082, 2, 'N2', 118.61, 113378, 114192, 114192, '2021-07-30 00:00:00', '2021-08-10 18:27:12', 2, '2021-08-10 21:27:12', NULL, 0),
(1083, 2, 'N3', 118.61, 0, 0, 0, '2021-07-30 00:00:00', '2021-08-10 18:27:12', 2, '2021-08-10 21:27:12', NULL, 0),
(1084, 2, 'N4', 118.61, 0, 0, 0, '2021-07-30 00:00:00', '2021-08-10 18:27:12', 2, '2021-08-10 21:27:12', NULL, 0),
(1085, 1, 'N1', 117.1, 2987654, 2987782, 2987782, '2021-07-31 00:00:00', '2021-08-10 18:40:24', 2, '2021-08-10 21:40:24', NULL, 0),
(1086, 1, 'N2', 117.1, 3156969, 3157736, 3157736, '2021-07-31 00:00:00', '2021-08-10 18:40:24', 2, '2021-08-10 21:40:24', NULL, 0),
(1087, 1, 'N3', 117.1, 4909222, 4909814, 4909814, '2021-07-31 00:00:00', '2021-08-10 18:40:24', 2, '2021-08-10 21:40:24', NULL, 0),
(1088, 1, 'N4', 117.1, 3270622, 3270944, 3270944, '2021-07-31 00:00:00', '2021-08-10 18:40:24', 2, '2021-08-10 21:40:24', NULL, 0),
(1089, 2, 'N1', 118.61, 3002782, 3005404, 3005404, '2021-07-31 00:00:00', '2021-08-10 18:40:24', 2, '2021-08-10 21:40:24', NULL, 0),
(1090, 2, 'N2', 118.61, 114192, 115127, 115127, '2021-07-31 00:00:00', '2021-08-10 18:40:24', 2, '2021-08-10 21:40:24', NULL, 0),
(1091, 2, 'N3', 118.61, 0, 0, 0, '2021-07-31 00:00:00', '2021-08-10 18:40:24', 2, '2021-08-10 21:40:24', NULL, 0),
(1092, 2, 'N4', 118.61, 0, 0, 0, '2021-07-31 00:00:00', '2021-08-10 18:40:24', 2, '2021-08-10 21:40:24', NULL, 0),
(1093, 1, 'N1', 117.1, 2987782, 2987919, 2987919, '2021-08-01 00:00:00', '2021-08-20 07:47:36', 2, '2021-08-10 21:44:35', NULL, 0),
(1094, 1, 'N2', 117.1, 3157736, 3158250, 3158250, '2021-08-01 00:00:00', '2021-08-20 07:47:36', 2, '2021-08-10 21:44:35', NULL, 0),
(1095, 1, 'N3', 117.1, 4909814, 4910441, 4910441, '2021-08-01 00:00:00', '2021-08-20 07:47:36', 2, '2021-08-10 21:44:35', NULL, 0),
(1096, 1, 'N4', 117.1, 3270944, 3271177, 3271177, '2021-08-01 00:00:00', '2021-08-20 07:47:36', 2, '2021-08-10 21:44:35', NULL, 0),
(1097, 2, 'N1', 120.32, 3005404, 3007468, 3007468, '2021-08-01 00:00:00', '2021-08-20 07:47:18', 2, '2021-08-10 21:44:35', NULL, 0),
(1098, 2, 'N2', 120.32, 115127, 115998, 115998, '2021-08-01 00:00:00', '2021-08-20 07:47:18', 2, '2021-08-10 21:44:35', NULL, 0),
(1099, 2, 'N3', 120.32, 0, 0, 0, '2021-08-01 00:00:00', '2021-08-20 07:47:18', 2, '2021-08-10 21:44:35', NULL, 0),
(1100, 2, 'N4', 120.32, 0, 0, 0, '2021-08-01 00:00:00', '2021-08-20 07:47:18', 2, '2021-08-10 21:44:35', NULL, 0),
(1101, 1, 'N1', 117.1, 2987919, 2989472, 2989472, '2021-08-02 00:00:00', '2021-08-20 07:47:36', 2, '2021-08-12 19:16:51', NULL, 0),
(1102, 1, 'N2', 117.1, 3158250, 3158930, 3158930, '2021-08-02 00:00:00', '2021-08-20 07:47:36', 2, '2021-08-12 19:16:51', NULL, 0),
(1103, 1, 'N3', 117.1, 4910441, 4911530, 4911530, '2021-08-02 00:00:00', '2021-08-20 07:47:36', 2, '2021-08-12 19:16:51', NULL, 0),
(1104, 1, 'N4', 117.1, 3271177, 3271665, 3271665, '2021-08-02 00:00:00', '2021-08-20 07:47:36', 2, '2021-08-12 19:16:51', NULL, 0),
(1105, 2, 'N1', 120.32, 3007468, 3010181, 3010181, '2021-08-02 00:00:00', '2021-08-20 07:47:18', 2, '2021-08-12 19:16:51', NULL, 0),
(1106, 2, 'N2', 120.32, 115998, 116830, 116830, '2021-08-02 00:00:00', '2021-08-20 07:47:18', 2, '2021-08-12 19:16:51', NULL, 0),
(1107, 2, 'N3', 120.32, 0, 0, 0, '2021-08-02 00:00:00', '2021-08-20 07:47:18', 2, '2021-08-12 19:16:51', NULL, 0),
(1108, 2, 'N4', 120.32, 0, 0, 0, '2021-08-02 00:00:00', '2021-08-20 07:47:18', 2, '2021-08-12 19:16:51', NULL, 0),
(1109, 1, 'N1', 117.1, 2989472, 2989865, 2989865, '2021-08-03 00:00:00', '2021-08-20 07:47:36', 2, '2021-08-12 19:21:55', NULL, 0),
(1110, 1, 'N2', 117.1, 3158930, 3159100, 3159100, '2021-08-03 00:00:00', '2021-08-20 07:47:36', 2, '2021-08-12 19:21:55', NULL, 0),
(1111, 1, 'N3', 117.1, 4911530, 4912366, 4912366, '2021-08-03 00:00:00', '2021-08-20 07:47:36', 2, '2021-08-12 19:21:55', NULL, 0),
(1112, 1, 'N4', 117.1, 3271665, 3272485, 3272485, '2021-08-03 00:00:00', '2021-08-20 07:47:36', 2, '2021-08-12 19:21:55', NULL, 0),
(1113, 2, 'N1', 120.32, 3010181, 3012763, 3012763, '2021-08-03 00:00:00', '2021-08-20 07:47:18', 2, '2021-08-12 19:21:55', NULL, 0),
(1114, 2, 'N2', 120.32, 116830, 117714, 117714, '2021-08-03 00:00:00', '2021-08-20 07:47:18', 2, '2021-08-12 19:21:55', NULL, 0),
(1115, 2, 'N3', 120.32, 0, 0, 0, '2021-08-03 00:00:00', '2021-08-20 07:47:18', 2, '2021-08-12 19:21:55', NULL, 0),
(1116, 2, 'N4', 120.32, 0, 0, 0, '2021-08-03 00:00:00', '2021-08-20 07:47:18', 2, '2021-08-12 19:21:55', NULL, 0),
(1117, 1, 'N1', 117.1, 2989865, 2990394, 2990394, '2021-08-04 00:00:00', '2021-08-20 07:47:36', 2, '2021-08-12 19:41:59', NULL, 0),
(1118, 1, 'N2', 117.1, 3159100, 3159541, 3159541, '2021-08-04 00:00:00', '2021-08-20 07:47:36', 2, '2021-08-12 19:41:59', NULL, 0),
(1119, 1, 'N3', 117.1, 4912366, 4913019, 4913019, '2021-08-04 00:00:00', '2021-08-20 07:47:36', 2, '2021-08-12 19:41:59', NULL, 0),
(1120, 1, 'N4', 117.1, 3272485, 3272892, 3272892, '2021-08-04 00:00:00', '2021-08-20 07:47:36', 2, '2021-08-12 19:41:59', NULL, 0),
(1121, 2, 'N1', 120.32, 3012763, 3015599, 3015599, '2021-08-04 00:00:00', '2021-08-20 07:47:18', 2, '2021-08-12 19:41:59', NULL, 0),
(1122, 2, 'N2', 120.32, 117714, 118458, 118458, '2021-08-04 00:00:00', '2021-08-20 07:47:18', 2, '2021-08-12 19:41:59', NULL, 0),
(1123, 2, 'N3', 120.32, 0, 0, 0, '2021-08-04 00:00:00', '2021-08-20 07:47:18', 2, '2021-08-12 19:41:59', NULL, 0),
(1124, 2, 'N4', 120.32, 0, 0, 0, '2021-08-04 00:00:00', '2021-08-20 07:47:18', 2, '2021-08-12 19:41:59', NULL, 0),
(1125, 1, 'N1', 117.1, 2990394, 2990690, 2990690, '2021-08-05 00:00:00', '2021-08-20 07:47:36', 2, '2021-08-12 19:57:07', NULL, 0),
(1126, 1, 'N2', 117.1, 3159541, 3159931, 3159931, '2021-08-05 00:00:00', '2021-08-20 07:47:36', 2, '2021-08-12 19:57:07', NULL, 0),
(1127, 1, 'N3', 117.1, 4913019, 4913332, 4913332, '2021-08-05 00:00:00', '2021-08-20 07:47:36', 2, '2021-08-12 19:57:07', NULL, 0),
(1128, 1, 'N4', 117.1, 3272892, 3273158, 3273158, '2021-08-05 00:00:00', '2021-08-20 07:47:36', 2, '2021-08-12 19:57:07', NULL, 0),
(1129, 2, 'N1', 120.32, 3015599, 3018247, 3018247, '2021-08-05 00:00:00', '2021-08-20 07:47:18', 2, '2021-08-12 19:57:07', NULL, 0),
(1130, 2, 'N2', 120.32, 118458, 119421, 119421, '2021-08-05 00:00:00', '2021-08-20 07:47:18', 2, '2021-08-12 19:57:07', NULL, 0),
(1131, 2, 'N3', 120.32, 0, 0, 0, '2021-08-05 00:00:00', '2021-08-20 07:47:18', 2, '2021-08-12 19:57:07', NULL, 0),
(1132, 2, 'N4', 120.32, 0, 0, 0, '2021-08-05 00:00:00', '2021-08-20 07:47:18', 2, '2021-08-12 19:57:07', NULL, 0),
(1133, 1, 'N1', 117.1, 2990690, 2991192, 2991192, '2021-08-06 00:00:00', '2021-08-20 07:47:36', 2, '2021-08-12 20:06:23', NULL, 0),
(1134, 1, 'N2', 117.1, 3159931, 3160197, 3160197, '2021-08-06 00:00:00', '2021-08-20 07:47:36', 2, '2021-08-12 20:06:23', NULL, 0),
(1135, 1, 'N3', 117.1, 4913332, 4913653, 4913653, '2021-08-06 00:00:00', '2021-08-20 07:47:36', 2, '2021-08-12 20:06:23', NULL, 0),
(1136, 1, 'N4', 117.1, 3273158, 3273542, 3273542, '2021-08-06 00:00:00', '2021-08-20 07:47:36', 2, '2021-08-12 20:06:23', NULL, 0),
(1137, 2, 'N1', 120.32, 3018247, 3020732, 3020732, '2021-08-06 00:00:00', '2021-08-20 07:47:18', 2, '2021-08-12 20:06:23', NULL, 0),
(1138, 2, 'N2', 120.32, 119421, 120480, 120480, '2021-08-06 00:00:00', '2021-08-20 07:47:18', 2, '2021-08-12 20:06:23', NULL, 0),
(1139, 2, 'N3', 120.32, 0, 0, 0, '2021-08-06 00:00:00', '2021-08-20 07:47:18', 2, '2021-08-12 20:06:23', NULL, 0),
(1140, 2, 'N4', 120.32, 0, 0, 0, '2021-08-06 00:00:00', '2021-08-20 07:47:18', 2, '2021-08-12 20:06:23', NULL, 0),
(1141, 1, 'N1', 117.1, 2991192, 2991711, 2991711, '2021-08-07 00:00:00', '2021-08-20 07:47:36', 2, '2021-08-12 20:41:12', NULL, 0),
(1142, 1, 'N2', 117.1, 3160197, 3160441, 3160441, '2021-08-07 00:00:00', '2021-08-20 07:47:36', 2, '2021-08-12 20:41:12', NULL, 0),
(1143, 1, 'N3', 117.1, 4913653, 4914006, 4914006, '2021-08-07 00:00:00', '2021-08-20 07:47:36', 2, '2021-08-12 20:41:12', NULL, 0),
(1144, 1, 'N4', 117.1, 3273542, 3273817, 3273817, '2021-08-07 00:00:00', '2021-08-20 07:47:36', 2, '2021-08-12 20:41:12', NULL, 0),
(1145, 2, 'N1', 120.32, 3020732, 3023347, 3023347, '2021-08-07 00:00:00', '2021-08-20 07:47:18', 2, '2021-08-12 20:41:12', NULL, 0),
(1146, 2, 'N2', 120.32, 120480, 121393, 121393, '2021-08-07 00:00:00', '2021-08-20 07:47:18', 2, '2021-08-12 20:41:12', NULL, 0),
(1147, 2, 'N3', 120.32, 0, 0, 0, '2021-08-07 00:00:00', '2021-08-20 07:47:18', 2, '2021-08-12 20:41:12', NULL, 0),
(1148, 2, 'N4', 120.32, 0, 0, 0, '2021-08-07 00:00:00', '2021-08-20 07:47:18', 2, '2021-08-12 20:41:12', NULL, 0),
(1149, 1, 'N1', 117.1, 2991711, 2991781, 2991781, '2021-08-08 00:00:00', '2021-08-20 07:47:36', 2, '2021-08-19 16:49:28', NULL, 0),
(1150, 1, 'N2', 117.1, 3160441, 3160515, 3160515, '2021-08-08 00:00:00', '2021-08-20 07:47:36', 2, '2021-08-19 16:49:28', NULL, 0),
(1151, 1, 'N3', 117.1, 4914006, 4914439, 4914439, '2021-08-08 00:00:00', '2021-08-20 07:47:36', 2, '2021-08-19 16:49:28', NULL, 0),
(1152, 1, 'N4', 117.1, 3273817, 3274088, 3274088, '2021-08-08 00:00:00', '2021-08-20 07:47:36', 2, '2021-08-19 16:49:28', NULL, 0),
(1153, 2, 'N1', 120.32, 3023347, 3025825, 3025825, '2021-08-08 00:00:00', '2021-08-20 07:47:18', 2, '2021-08-19 16:49:28', NULL, 0),
(1154, 2, 'N2', 120.32, 121393, 122178, 122178, '2021-08-08 00:00:00', '2021-08-20 07:47:18', 2, '2021-08-19 16:49:28', NULL, 0),
(1155, 2, 'N3', 120.32, 0, 0, 0, '2021-08-08 00:00:00', '2021-08-20 07:47:18', 2, '2021-08-19 16:49:28', NULL, 0),
(1156, 2, 'N4', 120.32, 0, 0, 0, '2021-08-08 00:00:00', '2021-08-20 07:47:18', 2, '2021-08-19 16:49:28', NULL, 0),
(1157, 1, 'N1', 117.1, 2991781, 2991955, 2991955, '2021-08-09 00:00:00', '2021-08-20 07:47:36', 2, '2021-08-19 16:57:13', NULL, 0),
(1158, 1, 'N2', 117.1, 3160515, 3160884, 3160884, '2021-08-09 00:00:00', '2021-08-20 07:47:36', 2, '2021-08-19 16:57:13', NULL, 0),
(1159, 1, 'N3', 117.1, 4914439, 4914839, 4914839, '2021-08-09 00:00:00', '2021-08-20 07:47:36', 2, '2021-08-19 16:57:13', NULL, 0),
(1160, 1, 'N4', 117.1, 3274088, 3274287, 3274287, '2021-08-09 00:00:00', '2021-08-20 07:47:36', 2, '2021-08-19 16:57:13', NULL, 0),
(1161, 2, 'N1', 120.32, 3025825, 3028749, 3028749, '2021-08-09 00:00:00', '2021-08-20 07:47:18', 2, '2021-08-19 16:57:13', NULL, 0),
(1162, 2, 'N2', 120.32, 122178, 123141, 123141, '2021-08-09 00:00:00', '2021-08-20 07:47:18', 2, '2021-08-19 16:57:13', NULL, 0),
(1163, 2, 'N3', 120.32, 0, 0, 0, '2021-08-09 00:00:00', '2021-08-20 07:47:18', 2, '2021-08-19 16:57:13', NULL, 0),
(1164, 2, 'N4', 120.32, 0, 0, 0, '2021-08-09 00:00:00', '2021-08-20 07:47:18', 2, '2021-08-19 16:57:13', NULL, 0),
(1165, 1, 'N1', 117.1, 2991955, 2992071, 2992071, '2021-08-10 00:00:00', '2021-08-20 07:47:36', 2, '2021-08-19 17:09:47', NULL, 0),
(1166, 1, 'N2', 117.1, 3160884, 3160966, 3160966, '2021-08-10 00:00:00', '2021-08-20 07:47:36', 2, '2021-08-19 17:09:47', NULL, 0),
(1167, 1, 'N3', 117.1, 4914839, 4915140, 4915140, '2021-08-10 00:00:00', '2021-08-20 07:47:36', 2, '2021-08-19 17:09:47', NULL, 0),
(1168, 1, 'N4', 117.1, 3274287, 3274514, 3274514, '2021-08-10 00:00:00', '2021-08-20 07:47:36', 2, '2021-08-19 17:09:47', NULL, 0),
(1169, 2, 'N1', 120.32, 3028749, 3031509, 3031509, '2021-08-10 00:00:00', '2021-08-20 07:47:18', 2, '2021-08-19 17:09:47', NULL, 0),
(1170, 2, 'N2', 120.32, 123141, 124157, 124157, '2021-08-10 00:00:00', '2021-08-20 07:47:18', 2, '2021-08-19 17:09:47', NULL, 0),
(1171, 2, 'N3', 120.32, 0, 0, 0, '2021-08-10 00:00:00', '2021-08-20 07:47:18', 2, '2021-08-19 17:09:47', NULL, 0),
(1172, 2, 'N4', 120.32, 0, 0, 0, '2021-08-10 00:00:00', '2021-08-20 07:47:18', 2, '2021-08-19 17:09:47', NULL, 0),
(1173, 1, 'N1', 117.1, 2992071, 2992487, 2992487, '2021-08-11 00:00:00', '2021-08-20 07:47:36', 2, '2021-08-19 17:58:06', NULL, 0),
(1174, 1, 'N2', 117.1, 3160966, 3161614, 3161614, '2021-08-11 00:00:00', '2021-08-20 07:47:36', 2, '2021-08-19 17:58:06', NULL, 0),
(1175, 1, 'N3', 117.1, 4915140, 4915821, 4915821, '2021-08-11 00:00:00', '2021-08-20 07:47:36', 2, '2021-08-19 17:58:06', NULL, 0),
(1176, 1, 'N4', 117.1, 3274514, 3274637, 3274637, '2021-08-11 00:00:00', '2021-08-20 07:47:36', 2, '2021-08-19 17:58:06', NULL, 0),
(1177, 2, 'N1', 120.32, 3031509, 3034286, 3034286, '2021-08-11 00:00:00', '2021-08-20 07:47:18', 2, '2021-08-19 17:58:06', NULL, 0),
(1178, 2, 'N2', 120.32, 124157, 125219, 125219, '2021-08-11 00:00:00', '2021-08-20 07:47:18', 2, '2021-08-19 17:58:06', NULL, 0),
(1179, 2, 'N3', 120.32, 0, 0, 0, '2021-08-11 00:00:00', '2021-08-20 07:47:18', 2, '2021-08-19 17:58:06', NULL, 0),
(1180, 2, 'N4', 120.32, 0, 0, 0, '2021-08-11 00:00:00', '2021-08-20 07:47:18', 2, '2021-08-19 17:58:06', NULL, 0),
(1189, 1, 'N1', 117.1, 2992487, 2994113, 2994113, '2021-08-12 00:00:00', '2021-08-20 07:47:36', 2, '2021-08-19 18:08:47', NULL, 0),
(1190, 1, 'N2', 117.1, 3161614, 3161792, 3161792, '2021-08-12 00:00:00', '2021-08-20 07:47:36', 2, '2021-08-19 18:08:47', NULL, 0),
(1191, 1, 'N3', 117.1, 4915821, 4916213, 4916213, '2021-08-12 00:00:00', '2021-08-20 07:47:36', 2, '2021-08-19 18:08:47', NULL, 0),
(1192, 1, 'N4', 117.1, 3274637, 3274893, 3274893, '2021-08-12 00:00:00', '2021-08-20 07:47:36', 2, '2021-08-19 18:08:47', NULL, 0),
(1193, 2, 'N1', 120.32, 3034286, 3037065, 3037065, '2021-08-12 00:00:00', '2021-08-20 07:47:18', 2, '2021-08-19 18:08:47', NULL, 0),
(1194, 2, 'N2', 120.32, 125219, 126318, 126318, '2021-08-12 00:00:00', '2021-08-20 07:47:18', 2, '2021-08-19 18:08:47', NULL, 0),
(1195, 2, 'N3', 120.32, 0, 0, 0, '2021-08-12 00:00:00', '2021-08-20 07:47:18', 2, '2021-08-19 18:08:47', NULL, 0),
(1196, 2, 'N4', 120.32, 0, 0, 0, '2021-08-12 00:00:00', '2021-08-20 07:47:18', 2, '2021-08-19 18:08:47', NULL, 0),
(1197, 1, 'N1', 117.1, 2994113, 2994268, 2994268, '2021-08-13 00:00:00', '2021-08-20 07:47:36', 2, '2021-08-19 18:15:05', NULL, 0),
(1198, 1, 'N2', 117.1, 3161792, 3161936, 3161936, '2021-08-13 00:00:00', '2021-08-20 07:47:36', 2, '2021-08-19 18:15:05', NULL, 0),
(1199, 1, 'N3', 117.1, 4916213, 4916908, 4916908, '2021-08-13 00:00:00', '2021-08-20 07:47:36', 2, '2021-08-19 18:15:05', NULL, 0),
(1200, 1, 'N4', 117.1, 3274893, 3275004, 3275004, '2021-08-13 00:00:00', '2021-08-20 07:47:36', 2, '2021-08-19 18:15:05', NULL, 0),
(1201, 2, 'N1', 120.32, 3037065, 3040325, 3040325, '2021-08-13 00:00:00', '2021-08-20 07:47:18', 2, '2021-08-19 18:15:05', NULL, 0),
(1202, 2, 'N2', 120.32, 126318, 127563, 127563, '2021-08-13 00:00:00', '2021-08-20 07:47:18', 2, '2021-08-19 18:15:05', NULL, 0),
(1203, 2, 'N3', 120.32, 0, 0, 0, '2021-08-13 00:00:00', '2021-08-20 07:47:18', 2, '2021-08-19 18:15:05', NULL, 0),
(1204, 2, 'N4', 120.32, 0, 0, 0, '2021-08-13 00:00:00', '2021-08-20 07:47:18', 2, '2021-08-19 18:15:05', NULL, 0),
(1205, 1, 'N1', 117.1, 2994268, 2994335, 2994335, '2021-08-14 00:00:00', '2021-08-20 07:47:36', 2, '2021-08-19 18:22:20', NULL, 0),
(1206, 1, 'N2', 117.1, 3161936, 3162006, 3162006, '2021-08-14 00:00:00', '2021-08-20 07:47:36', 2, '2021-08-19 18:22:20', NULL, 0),
(1207, 1, 'N3', 117.1, 4916908, 4917289, 4917289, '2021-08-14 00:00:00', '2021-08-20 07:47:36', 2, '2021-08-19 18:22:20', NULL, 0),
(1208, 1, 'N4', 117.1, 3275004, 3275207, 3275207, '2021-08-14 00:00:00', '2021-08-20 07:47:36', 2, '2021-08-19 18:22:20', NULL, 0),
(1209, 2, 'N1', 120.32, 3040325, 3043241, 3043241, '2021-08-14 00:00:00', '2021-08-20 07:47:18', 2, '2021-08-19 18:22:20', NULL, 0),
(1210, 2, 'N2', 120.32, 127563, 128795, 128795, '2021-08-14 00:00:00', '2021-08-20 07:47:18', 2, '2021-08-19 18:22:20', NULL, 0),
(1211, 2, 'N3', 120.32, 0, 0, 0, '2021-08-14 00:00:00', '2021-08-20 07:47:18', 2, '2021-08-19 18:22:20', NULL, 0),
(1212, 2, 'N4', 120.32, 0, 0, 0, '2021-08-14 00:00:00', '2021-08-20 07:47:18', 2, '2021-08-19 18:22:20', NULL, 0),
(1213, 1, 'N1', 117.1, 2994335, 2994803, 2994803, '2021-08-15 00:00:00', '2021-08-20 07:47:36', 2, '2021-08-19 19:10:51', NULL, 0),
(1214, 1, 'N2', 117.1, 3162006, 3162019, 3162019, '2021-08-15 00:00:00', '2021-08-20 07:47:36', 2, '2021-08-19 19:10:51', NULL, 0),
(1215, 1, 'N3', 117.1, 4917289, 4917512, 4917512, '2021-08-15 00:00:00', '2021-08-20 07:47:36', 2, '2021-08-19 19:10:51', NULL, 0),
(1216, 1, 'N4', 117.1, 3275207, 3275316, 3275316, '2021-08-15 00:00:00', '2021-08-20 07:47:36', 2, '2021-08-19 19:10:51', NULL, 0),
(1217, 2, 'N1', 120.32, 3043241, 3045560, 3045560, '2021-08-15 00:00:00', '2021-08-20 07:47:18', 2, '2021-08-19 19:10:51', NULL, 0),
(1218, 2, 'N2', 120.32, 128795, 129523, 129523, '2021-08-15 00:00:00', '2021-08-20 07:47:18', 2, '2021-08-19 19:10:51', NULL, 0),
(1219, 2, 'N3', 120.32, 0, 0, 0, '2021-08-15 00:00:00', '2021-08-20 07:47:18', 2, '2021-08-19 19:10:51', NULL, 0),
(1220, 2, 'N4', 120.32, 0, 0, 0, '2021-08-15 00:00:00', '2021-08-20 07:47:18', 2, '2021-08-19 19:10:51', NULL, 0),
(1221, 1, 'N1', 117.1, 2994803, 2995138, 2995138, '2021-08-16 00:00:00', '2021-08-20 15:16:09', 2, '2021-08-20 18:16:09', NULL, 0),
(1222, 1, 'N2', 117.1, 3162019, 3162061, 3162061, '2021-08-16 00:00:00', '2021-08-20 15:16:09', 2, '2021-08-20 18:16:09', NULL, 0),
(1223, 1, 'N3', 117.1, 4917512, 4917815, 4917815, '2021-08-16 00:00:00', '2021-08-20 15:16:09', 2, '2021-08-20 18:16:09', NULL, 0),
(1224, 1, 'N4', 117.1, 3275316, 3275527, 3275527, '2021-08-16 00:00:00', '2021-08-20 15:16:09', 2, '2021-08-20 18:16:09', NULL, 0),
(1225, 2, 'N1', 120.32, 3045560, 3048877, 3048877, '2021-08-16 00:00:00', '2021-08-20 15:16:09', 2, '2021-08-20 18:16:09', NULL, 0),
(1226, 2, 'N2', 120.32, 129523, 131365, 131365, '2021-08-16 00:00:00', '2021-08-20 15:16:09', 2, '2021-08-20 18:16:09', NULL, 0),
(1227, 2, 'N3', 120.32, 0, 0, 0, '2021-08-16 00:00:00', '2021-08-20 15:16:09', 2, '2021-08-20 18:16:09', NULL, 0),
(1228, 2, 'N4', 120.32, 0, 0, 0, '2021-08-16 00:00:00', '2021-08-20 15:16:09', 2, '2021-08-20 18:16:09', NULL, 0),
(1229, 1, 'N1', 117.1, 2995138, 2995377, 2995377, '2021-08-17 00:00:00', '2021-08-20 15:20:29', 2, '2021-08-20 18:20:29', NULL, 0),
(1230, 1, 'N2', 117.1, 3162061, 3162467, 3162467, '2021-08-17 00:00:00', '2021-08-20 15:20:29', 2, '2021-08-20 18:20:29', NULL, 0),
(1231, 1, 'N3', 117.1, 4917815, 4918092, 4918092, '2021-08-17 00:00:00', '2021-08-20 15:20:29', 2, '2021-08-20 18:20:29', NULL, 0),
(1232, 1, 'N4', 117.1, 3275527, 3275941, 3275941, '2021-08-17 00:00:00', '2021-08-20 15:20:29', 2, '2021-08-20 18:20:29', NULL, 0),
(1233, 2, 'N1', 120.32, 3048877, 3051721, 3051721, '2021-08-17 00:00:00', '2021-08-20 15:20:29', 2, '2021-08-20 18:20:29', NULL, 0),
(1234, 2, 'N2', 120.32, 131365, 132388, 132388, '2021-08-17 00:00:00', '2021-08-20 15:20:29', 2, '2021-08-20 18:20:29', NULL, 0),
(1235, 2, 'N3', 120.32, 0, 0, 0, '2021-08-17 00:00:00', '2021-08-20 15:20:29', 2, '2021-08-20 18:20:29', NULL, 0),
(1236, 2, 'N4', 120.32, 0, 0, 0, '2021-08-17 00:00:00', '2021-08-20 15:20:29', 2, '2021-08-20 18:20:29', NULL, 0),
(1237, 1, 'N1', 117.1, 2995377, 2995511, 2995511, '2021-08-18 00:00:00', '2021-08-20 15:37:18', 2, '2021-08-20 18:37:18', NULL, 0),
(1238, 1, 'N2', 117.1, 3162467, 3162780, 3162780, '2021-08-18 00:00:00', '2021-08-20 15:37:18', 2, '2021-08-20 18:37:18', NULL, 0),
(1239, 1, 'N3', 117.1, 4918092, 4918547, 4918547, '2021-08-18 00:00:00', '2021-08-20 15:37:18', 2, '2021-08-20 18:37:18', NULL, 0),
(1240, 1, 'N4', 117.1, 3275941, 3276279, 3276279, '2021-08-18 00:00:00', '2021-08-20 15:37:18', 2, '2021-08-20 18:37:18', NULL, 0),
(1241, 2, 'N1', 120.32, 3051721, 3053475, 3053475, '2021-08-18 00:00:00', '2021-08-20 15:37:18', 2, '2021-08-20 18:37:18', NULL, 0),
(1242, 2, 'N2', 120.32, 132388, 133089, 133089, '2021-08-18 00:00:00', '2021-08-20 15:37:18', 2, '2021-08-20 18:37:18', NULL, 0),
(1243, 2, 'N3', 120.32, 0, 0, 0, '2021-08-18 00:00:00', '2021-08-20 15:37:18', 2, '2021-08-20 18:37:18', NULL, 0),
(1244, 2, 'N4', 120.32, 0, 0, 0, '2021-08-18 00:00:00', '2021-08-20 15:37:18', 2, '2021-08-20 18:37:18', NULL, 0),
(1245, 1, 'N1', 117.1, 2995511, 2995695, 2995695, '2021-08-19 00:00:00', '2021-08-20 18:37:18', 2, '2021-08-20 18:37:18', NULL, 1),
(1246, 1, 'N2', 117.1, 3162780, 3163182, 3163182, '2021-08-19 00:00:00', '2021-08-20 18:37:18', 2, '2021-08-20 18:37:18', NULL, 1),
(1247, 1, 'N3', 117.1, 4918547, 4918716, 4918716, '2021-08-19 00:00:00', '2021-08-20 18:37:18', 2, '2021-08-20 18:37:18', NULL, 1),
(1248, 1, 'N4', 117.1, 3276279, 3276460, 3276460, '2021-08-19 00:00:00', '2021-08-20 18:37:18', 2, '2021-08-20 18:37:18', NULL, 1),
(1249, 2, 'N1', 120.32, 3053475, 3054425, 3054425, '2021-08-19 00:00:00', '2021-08-20 18:37:18', 2, '2021-08-20 18:37:18', NULL, 1),
(1250, 2, 'N2', 120.32, 133089, 133454, 133454, '2021-08-19 00:00:00', '2021-08-20 18:37:18', 2, '2021-08-20 18:37:18', NULL, 1),
(1251, 2, 'N3', 120.32, 0, 0, 0, '2021-08-19 00:00:00', '2021-08-20 18:37:18', 2, '2021-08-20 18:37:18', NULL, 1),
(1252, 2, 'N4', 120.32, 0, 0, 0, '2021-08-19 00:00:00', '2021-08-20 18:37:18', 2, '2021-08-20 18:37:18', NULL, 1);

-- --------------------------------------------------------

--
-- Table structure for table `nozzel_type`
--

CREATE TABLE `nozzel_type` (
  `nozzel_id` int(11) NOT NULL,
  `type` varchar(100) NOT NULL,
  `quantity` decimal(15,5) NOT NULL,
  `opening_stock` decimal(15,5) NOT NULL,
  `added_at` timestamp NOT NULL DEFAULT current_timestamp() ON UPDATE current_timestamp(),
  `added_by` int(11) NOT NULL,
  `updated_at` datetime DEFAULT NULL,
  `updated_by` int(11) DEFAULT NULL
) ENGINE=InnoDB DEFAULT CHARSET=latin1;

--
-- Dumping data for table `nozzel_type`
--

INSERT INTO `nozzel_type` (`nozzel_id`, `type`, `quantity`, `opening_stock`, `added_at`, `added_by`, `updated_at`, `updated_by`) VALUES
(1, 'HSD', '5413.38000', '5413.38000', '2021-08-20 15:40:06', 1, '2021-08-20 20:40:06', NULL),
(2, 'Super', '562.54300', '562.54300', '2021-08-20 15:40:06', 1, '2021-08-20 20:40:06', NULL);

-- --------------------------------------------------------

--
-- Table structure for table `password_resets`
--

CREATE TABLE `password_resets` (
  `email` varchar(255) COLLATE utf8mb4_unicode_ci NOT NULL,
  `token` varchar(255) COLLATE utf8mb4_unicode_ci NOT NULL,
  `created_at` timestamp NULL DEFAULT NULL
) ENGINE=InnoDB DEFAULT CHARSET=utf8mb4 COLLATE=utf8mb4_unicode_ci;

--
-- Dumping data for table `password_resets`
--

INSERT INTO `password_resets` (`email`, `token`, `created_at`) VALUES
('muzamil@gmail.com', '$2y$10$4B9t0WEv6W8DQI2HmDcjw.5XYn2HF0XYak/9vfZd/VLZcE6dnmYWm', '2021-07-01 03:04:33'),
('muzammalsabir@gmail.com', '$2y$10$GfpwVjhg2m/Gv4FS/QT7kOV4Y/ng61T7GhFVLAPqy63cEDlJXja5O', '2021-07-01 04:08:48'),
('muzamil@gmail.com', '$2y$10$4B9t0WEv6W8DQI2HmDcjw.5XYn2HF0XYak/9vfZd/VLZcE6dnmYWm', '2021-07-01 03:04:33'),
('muzammalsabir@gmail.com', '$2y$10$GfpwVjhg2m/Gv4FS/QT7kOV4Y/ng61T7GhFVLAPqy63cEDlJXja5O', '2021-07-01 04:08:48'),
('admin@gmail.com', '$2y$10$JolnbGaxeDQYbTHwxSVfE.2nOx3Sz4SCdOqDX50U5GVNRNxhxqwNq', '2021-09-06 03:50:21');

-- --------------------------------------------------------

--
-- Table structure for table `purchase`
--

CREATE TABLE `purchase` (
  `purchase_id` int(11) NOT NULL,
  `distributor_id` int(11) NOT NULL,
  `previous_amount` decimal(14,2) NOT NULL,
  `current_amount` decimal(14,2) NOT NULL,
  `g_total` decimal(14,2) NOT NULL,
  `paid_amount` decimal(14,2) NOT NULL,
  `pending_amount` decimal(14,2) NOT NULL DEFAULT 0.00,
  `created_at` timestamp NOT NULL DEFAULT current_timestamp() ON UPDATE current_timestamp(),
  `updated_at` timestamp NOT NULL DEFAULT current_timestamp()
) ENGINE=InnoDB DEFAULT CHARSET=latin1;

--
-- Dumping data for table `purchase`
--

INSERT INTO `purchase` (`purchase_id`, `distributor_id`, `previous_amount`, `current_amount`, `g_total`, `paid_amount`, `pending_amount`, `created_at`, `updated_at`) VALUES
(126, 6, '0.00', '108218.67', '108218.67', '108218.67', '0.00', '2021-08-18 18:24:47', '2021-08-18 18:24:47'),
(127, 6, '0.00', '22694.76', '22694.76', '22694.76', '0.00', '2021-08-18 18:25:14', '2021-08-18 18:25:14'),
(128, 6, '0.00', '78230.88', '78230.88', '78230.88', '0.00', '2021-08-18 18:25:45', '2021-08-18 18:25:45'),
(129, 6, '0.00', '60019.65', '60019.65', '60019.65', '0.00', '2021-08-18 18:32:44', '2021-08-18 18:32:44'),
(130, 6, '0.00', '14244.30', '14244.30', '14244.30', '0.00', '2021-08-18 18:33:06', '2021-08-18 18:33:06'),
(131, 6, '0.00', '152505.21', '152505.21', '152505.21', '0.00', '2021-08-18 18:33:52', '2021-08-18 18:33:52'),
(132, 6, '0.00', '46261.51', '46261.51', '46261.51', '0.00', '2021-08-18 18:34:33', '2021-08-18 18:34:33'),
(133, 6, '0.00', '2091.45', '2091.45', '2091.45', '0.00', '2021-08-18 18:34:58', '2021-08-18 18:34:58'),
(134, 6, '0.00', '8706.96', '8706.96', '8706.96', '0.00', '2021-08-18 18:35:23', '2021-08-18 18:35:23'),
(135, 6, '0.00', '42865.76', '42865.76', '42865.76', '0.00', '2021-08-18 18:35:49', '2021-08-18 18:35:49'),
(136, 6, '0.00', '45713.40', '45713.40', '45713.40', '0.00', '2021-08-18 18:36:18', '2021-08-18 18:36:18'),
(137, 6, '0.00', '36901.37', '36901.37', '36901.37', '0.00', '2021-08-18 18:37:01', '2021-08-18 18:37:01'),
(138, 6, '0.00', '8784.93', '8784.93', '8784.93', '0.00', '2021-08-18 18:37:33', '2021-08-18 18:37:33'),
(139, 6, '0.00', '2611.23', '2611.23', '2611.23', '0.00', '2021-08-18 18:38:01', '2021-08-18 18:38:01'),
(140, 6, '0.00', '87750.00', '87750.00', '87750.00', '0.00', '2021-08-18 18:38:21', '2021-08-18 18:38:21'),
(142, 6, '0.00', '0.00', '0.00', '0.00', '0.00', '2021-08-19 17:56:23', '2021-08-19 17:56:23'),
(143, 6, '0.00', '1877120.00', '1877120.00', '1877120.00', '0.00', '2021-08-19 17:56:23', '2021-08-19 17:56:23'),
(144, 6, '0.00', '916960.00', '916960.00', '916960.00', '0.00', '2021-08-19 18:31:02', '2021-08-19 18:31:02'),
(145, 6, '0.00', '938560.00', '938560.00', '938560.00', '0.00', '2021-08-19 18:31:02', '2021-08-19 18:31:02'),
(146, 6, '0.00', '108218.67', '108218.67', '108218.67', '0.00', '2021-08-20 10:47:24', '2021-08-20 10:47:24'),
(147, 6, '0.00', '22694.76', '22694.76', '22694.76', '0.00', '2021-08-20 10:49:10', '2021-08-20 10:49:10'),
(148, 6, '0.00', '78230.88', '78230.88', '78230.88', '0.00', '2021-08-20 10:49:41', '2021-08-20 10:49:41'),
(149, 6, '0.00', '60019.65', '60019.65', '60019.65', '0.00', '2021-08-20 10:50:11', '2021-08-20 10:50:11'),
(150, 6, '0.00', '14244.30', '14244.30', '14244.30', '0.00', '2021-08-20 10:50:45', '2021-08-20 10:50:45'),
(151, 6, '0.00', '152505.21', '152505.21', '152505.21', '0.00', '2021-08-20 10:51:25', '2021-08-20 10:51:25'),
(152, 6, '0.00', '46261.51', '46261.51', '46261.51', '0.00', '2021-08-20 10:51:54', '2021-08-20 10:51:54'),
(153, 6, '0.00', '2091.45', '2091.45', '2091.45', '0.00', '2021-08-20 10:52:27', '2021-08-20 10:52:27'),
(154, 6, '0.00', '8706.96', '8706.96', '8706.96', '0.00', '2021-08-20 10:53:06', '2021-08-20 10:53:06'),
(155, 6, '0.00', '42865.76', '42865.76', '42865.76', '0.00', '2021-08-20 10:53:45', '2021-08-20 10:53:45'),
(156, 6, '0.00', '45713.40', '45713.40', '45713.40', '0.00', '2021-08-20 10:54:38', '2021-08-20 10:54:38'),
(157, 6, '0.00', '36901.37', '36901.37', '36901.37', '0.00', '2021-08-20 08:10:32', '2021-08-20 10:55:43'),
(158, 6, '0.00', '8784.93', '8784.93', '8784.93', '0.00', '2021-08-20 11:11:15', '2021-08-20 11:11:15'),
(159, 6, '0.00', '2611.23', '2611.23', '2611.23', '0.00', '2021-08-20 11:11:49', '2021-08-20 11:11:49'),
(160, 6, '0.00', '87750.00', '87750.00', '87750.00', '0.00', '2021-08-20 11:12:14', '2021-08-20 11:12:14'),
(162, 6, '0.00', '142515.00', '142515.00', '142515.00', '0.00', '2021-07-20 14:04:46', '2021-08-20 14:04:46');

-- --------------------------------------------------------

--
-- Table structure for table `roles`
--

CREATE TABLE `roles` (
  `role_id` int(11) NOT NULL,
  `role_name` varchar(100) NOT NULL,
  `added_at` timestamp NOT NULL DEFAULT current_timestamp() ON UPDATE current_timestamp(),
  `updated_at` datetime DEFAULT NULL
) ENGINE=InnoDB DEFAULT CHARSET=latin1;

--
-- Dumping data for table `roles`
--

INSERT INTO `roles` (`role_id`, `role_name`, `added_at`, `updated_at`) VALUES
(1, 'admin', '2021-06-28 11:23:23', '2021-06-28 13:23:17');

-- --------------------------------------------------------

--
-- Table structure for table `servicestation`
--

CREATE TABLE `servicestation` (
  `serviceStation_id` int(11) NOT NULL,
  `sales` double NOT NULL,
  `datetime` datetime NOT NULL,
  `created_at` timestamp NOT NULL DEFAULT current_timestamp(),
  `created_by` int(11) DEFAULT NULL,
  `updated_at` timestamp NOT NULL DEFAULT current_timestamp()
) ENGINE=InnoDB DEFAULT CHARSET=utf8mb4;

--
-- Dumping data for table `servicestation`
--

INSERT INTO `servicestation` (`serviceStation_id`, `sales`, `datetime`, `created_at`, `created_by`, `updated_at`) VALUES
(5, 3000, '2021-07-11 00:00:00', '2021-07-11 11:54:56', NULL, '2021-07-11 11:54:56');

-- --------------------------------------------------------

--
-- Table structure for table `stock_in`
--

CREATE TABLE `stock_in` (
  `stock_in_id` int(11) NOT NULL,
  `purchase_id` int(11) NOT NULL,
  `product_id` int(11) NOT NULL,
  `quantity` decimal(14,1) NOT NULL,
  `indent_price` decimal(14,2) NOT NULL,
  `temperature` double NOT NULL,
  `receipt_no` varchar(20) NOT NULL,
  `shipment_no` varchar(20) NOT NULL,
  `carrier_no` varchar(20) NOT NULL,
  `carrier_name` varchar(20) NOT NULL,
  `order_no` varchar(20) NOT NULL,
  `delivery_no` varchar(20) NOT NULL,
  `seal_no` varchar(20) NOT NULL,
  `created_at` timestamp NULL DEFAULT NULL ON UPDATE current_timestamp(),
  `updated_at` timestamp NOT NULL DEFAULT current_timestamp()
) ENGINE=InnoDB DEFAULT CHARSET=latin1;

--
-- Dumping data for table `stock_in`
--

INSERT INTO `stock_in` (`stock_in_id`, `purchase_id`, `product_id`, `quantity`, `indent_price`, `temperature`, `receipt_no`, `shipment_no`, `carrier_no`, `carrier_name`, `order_no`, `delivery_no`, `seal_no`, `created_at`, `updated_at`) VALUES
(47, 104, 1, '8000.0', '112.04', 0, '0', '0', '0', '0', '0', '0', '0', '2021-07-08 14:49:57', '2021-07-17 12:38:42'),
(48, 105, 2, '16000.0', '110.23', 0, '0', '0', '0', '0', '0', '0', '0', '2021-07-08 14:50:24', '2021-07-17 12:38:42'),
(49, 107, 1, '0.0', '0.00', 0, '0', '0', '0', '0', '0', '0', '0', '2021-07-13 09:16:22', '2021-08-07 09:13:29'),
(50, 108, 2, '16000.0', '110.23', 0, '0', '0', '0', '0', '0', '0', '0', '2021-07-13 18:06:03', '2021-08-07 09:13:29'),
(51, 109, 1, '8000.0', '112.04', 0, '0', '0', '0', '0', '0', '0', '0', '2021-07-14 14:53:19', '2021-08-07 09:31:03'),
(52, 110, 2, '8000.0', '110.23', 0, '0', '0', '0', '0', '0', '0', '0', '2021-07-14 14:53:27', '2021-08-07 09:31:03'),
(53, 111, 1, '8000.0', '114.64', 0, '0', '0', '0', '0', '0', '0', '0', '2021-07-19 15:09:49', '2021-08-07 19:23:43'),
(54, 112, 2, '16000.0', '115.61', 0, '0', '0', '0', '0', '0', '0', '0', '2021-07-19 18:12:19', '2021-08-07 19:23:43'),
(55, 113, 1, '0.0', '0.00', 0, '0', '0', '0', '0', '0', '0', '0', '2021-07-24 15:19:17', '2021-08-08 15:19:17'),
(56, 114, 2, '7000.0', '115.61', 0, '0', '0', '0', '0', '0', '0', '0', '2021-07-24 15:13:45', '2021-08-08 15:19:17'),
(57, 115, 1, '0.0', '0.00', 0, '0', '0', '0', '0', '0', '0', '0', '2021-07-26 15:53:11', '2021-08-08 15:53:11'),
(58, 116, 2, '8000.0', '115.61', 0, '0', '0', '0', '0', '0', '0', '0', '2021-07-26 15:53:11', '2021-08-08 15:53:11'),
(59, 117, 1, '8000.0', '114.62', 0, '0', '0', '0', '0', '0', '0', '0', '2021-08-18 09:47:59', '2021-08-09 21:18:03'),
(60, 118, 2, '8000.0', '115.61', 0, '0', '0', '0', '0', '0', '0', '0', '2021-08-18 09:47:51', '2021-08-09 21:18:03'),
(61, 119, 1, '0.0', '0.00', 0, '0', '0', '0', '0', '0', '0', '0', '2021-07-30 09:46:35', '2021-08-10 09:46:35'),
(62, 120, 2, '16000.0', '115.61', 0, '0', '0', '0', '0', '0', '0', '0', '2021-07-30 09:46:35', '2021-08-10 09:46:35'),
(63, 121, 1, '8000.0', '0.00', 0, '0', '0', '0', '0', '0', '0', '0', '2021-08-03 19:14:56', '2021-08-12 19:14:56'),
(64, 122, 2, '16000.0', '0.00', 0, '0', '0', '0', '0', '0', '0', '0', '2021-08-03 10:26:58', '2021-08-12 19:14:56'),
(65, 123, 1, '8000.0', '0.00', 0, '0', '0', '0', '0', '0', '0', '0', '2021-08-08 10:30:47', '2021-08-12 19:56:10'),
(66, 124, 2, '16000.0', '0.00', 0, '0', '0', '0', '0', '0', '0', '0', '2021-08-08 10:30:56', '2021-08-12 19:56:10'),
(67, 142, 1, '0.0', '0.00', 0, '0', '00', '0', '0', '0', '0', '0', '2021-08-11 22:00:00', '2021-08-19 17:56:23'),
(68, 143, 2, '16000.0', '117.32', 0, '0', '0', '0', '00', '0', '0', '0', '2021-08-11 22:00:00', '2021-08-19 17:56:23'),
(69, 144, 1, '8000.0', '114.62', 916960, '0', '0', '0', '0', '0', '0', '0', '2021-08-16 19:14:37', '2021-08-16 18:31:02'),
(70, 145, 2, '8000.0', '117.32', 0, '0', '0', '0', '0', '0', '0', '0', '2021-08-16 15:32:05', '2021-08-16 18:31:02');

-- --------------------------------------------------------

--
-- Table structure for table `stock_items`
--

CREATE TABLE `stock_items` (
  `stock_id` int(11) NOT NULL,
  `fk_nozzel_type` int(100) NOT NULL,
  `quantity` double NOT NULL,
  `fk_stock_in_id` int(11) NOT NULL,
  `added_at` timestamp NOT NULL DEFAULT current_timestamp() ON UPDATE current_timestamp(),
  `added_by` int(11) NOT NULL,
  `updated_at` datetime DEFAULT NULL,
  `updated_by` int(11) DEFAULT NULL
) ENGINE=InnoDB DEFAULT CHARSET=latin1;

-- --------------------------------------------------------

--
-- Table structure for table `tariff`
--

CREATE TABLE `tariff` (
  `tariff_id` int(11) NOT NULL,
  `nozzel_type` int(11) NOT NULL,
  `price` double NOT NULL,
  `isActive` int(11) NOT NULL DEFAULT 1,
  `created_at` timestamp NOT NULL DEFAULT current_timestamp() ON UPDATE current_timestamp(),
  `added_by` int(11) NOT NULL,
  `updated_at` timestamp NULL DEFAULT NULL,
  `updated_by` int(11) DEFAULT NULL
) ENGINE=InnoDB DEFAULT CHARSET=latin1;

--
-- Dumping data for table `tariff`
--

INSERT INTO `tariff` (`tariff_id`, `nozzel_type`, `price`, `isActive`, `created_at`, `added_by`, `updated_at`, `updated_by`) VALUES
(37, 1, 114.5, 0, '2021-07-01 14:24:54', 2, '2021-07-01 18:56:52', NULL),
(38, 2, 113.23, 0, '2021-07-01 14:25:05', 2, '2021-07-01 18:56:52', NULL),
(39, 1, 117.1, 0, '2021-07-15 14:25:15', 2, '2021-07-15 21:39:00', NULL),
(40, 2, 118.61, 0, '2021-07-15 14:25:18', 2, '2021-07-15 21:39:00', NULL),
(41, 1, 117.1, 1, '2021-08-20 07:53:02', 2, '2021-07-31 21:39:00', NULL),
(42, 2, 120.32, 1, '2021-08-20 07:53:07', 2, '2021-07-31 21:39:00', NULL);

-- --------------------------------------------------------

--
-- Table structure for table `transporters`
--

CREATE TABLE `transporters` (
  `id` int(11) NOT NULL,
  `driver_name` varchar(100) NOT NULL,
  `vehicle_no` varchar(100) NOT NULL,
  `current_filling` double NOT NULL,
  `amount` double NOT NULL,
  `added_at` timestamp NOT NULL DEFAULT current_timestamp() ON UPDATE current_timestamp(),
  `added_by` int(11) NOT NULL,
  `updated_at` datetime DEFAULT NULL,
  `updated_by` int(11) DEFAULT NULL
) ENGINE=InnoDB DEFAULT CHARSET=latin1;

-- --------------------------------------------------------

--
-- Table structure for table `users`
--

CREATE TABLE `users` (
  `user_id` int(11) NOT NULL,
  `role_id` int(100) NOT NULL,
  `name` varchar(100) NOT NULL,
  `email` varchar(100) NOT NULL,
  `email_verified_at` timestamp NOT NULL DEFAULT current_timestamp() ON UPDATE current_timestamp(),
  `password` varchar(100) NOT NULL,
  `isActive` int(11) NOT NULL DEFAULT 1,
  `remember_token` char(100) DEFAULT NULL,
  `created_at` timestamp NOT NULL DEFAULT current_timestamp() ON UPDATE current_timestamp(),
  `updated_at` datetime DEFAULT NULL
) ENGINE=InnoDB DEFAULT CHARSET=latin1;

--
-- Dumping data for table `users`
--

INSERT INTO `users` (`user_id`, `role_id`, `name`, `email`, `email_verified_at`, `password`, `isActive`, `remember_token`, `created_at`, `updated_at`) VALUES
(1, 1, 'Muzamil', 'admin@gmail.com', '2021-06-30 12:39:36', '123', 1, NULL, '2021-06-28 11:23:55', '2021-06-28 13:23:35'),
(2, 1, 'Muzamil Sabir', 'muzammalsabir@gmail.com', '2021-09-06 03:50:07', '$2y$10$kDcymnu4vWSgJUH48rtxGeH9TtLjqN4oWnkQHcr6IsCyjY2Wm1WoW', 1, 'NtFVCe2epl99sC7pYOvWjrkUlm7vUSM6AGcOTJzFkM6HYTBfwClWVKjNbZA9', '2021-09-06 03:50:07', '2021-07-01 08:42:59'),
(3, 1, 'Noor Khan', 'noormuhammad885@gmail.com', '2021-08-17 10:50:01', '$2y$10$tcKf9Y2T8rzPhaPf79PfBeNmpRAj.MlkVwUoagWkdTbKhdZQRh8zy', 1, 'XfCuDZ8lyEgqn3J5HgaS4Y1uQzau5kenGpSSIFcp4E3TsoVrjAQKWcugUYqq', '2021-08-17 10:50:01', '2021-08-09 16:03:52');

--
-- Indexes for dumped tables
--

--
-- Indexes for table `credit_fill`
--
ALTER TABLE `credit_fill`
  ADD PRIMARY KEY (`id`);

--
-- Indexes for table `credit_parties`
--
ALTER TABLE `credit_parties`
  ADD PRIMARY KEY (`party_id`);

--
-- Indexes for table `credit_sales`
--
ALTER TABLE `credit_sales`
  ADD PRIMARY KEY (`id`);

--
-- Indexes for table `credit_vehicles`
--
ALTER TABLE `credit_vehicles`
  ADD PRIMARY KEY (`vehicle_id`);

--
-- Indexes for table `daily_lubs_stock`
--
ALTER TABLE `daily_lubs_stock`
  ADD PRIMARY KEY (`id`);

--
-- Indexes for table `diprod_readings`
--
ALTER TABLE `diprod_readings`
  ADD PRIMARY KEY (`id`),
  ADD KEY `nozzel_type` (`nozzel_type`);

--
-- Indexes for table `diprod_scale`
--
ALTER TABLE `diprod_scale`
  ADD PRIMARY KEY (`drs_id`),
  ADD KEY `fk_nozzel_type` (`fk_nozzel_type`);

--
-- Indexes for table `distributor`
--
ALTER TABLE `distributor`
  ADD PRIMARY KEY (`distributor_id`);

--
-- Indexes for table `expense`
--
ALTER TABLE `expense`
  ADD PRIMARY KEY (`expense_id`);

--
-- Indexes for table `expense_head`
--
ALTER TABLE `expense_head`
  ADD PRIMARY KEY (`expense_head_id`);

--
-- Indexes for table `expense_type`
--
ALTER TABLE `expense_type`
  ADD PRIMARY KEY (`id`);

--
-- Indexes for table `failed_jobs`
--
ALTER TABLE `failed_jobs`
  ADD PRIMARY KEY (`id`),
  ADD UNIQUE KEY `failed_jobs_uuid_unique` (`uuid`);

--
-- Indexes for table `indent_price_track`
--
ALTER TABLE `indent_price_track`
  ADD PRIMARY KEY (`id`);

--
-- Indexes for table `lubricants_stock_in`
--
ALTER TABLE `lubricants_stock_in`
  ADD PRIMARY KEY (`stock_in_id`);

--
-- Indexes for table `lubricant_categories`
--
ALTER TABLE `lubricant_categories`
  ADD PRIMARY KEY (`lubricant_category_id`);

--
-- Indexes for table `lubricant_items`
--
ALTER TABLE `lubricant_items`
  ADD PRIMARY KEY (`lubricant_item_id`);

--
-- Indexes for table `lubricant_sales`
--
ALTER TABLE `lubricant_sales`
  ADD PRIMARY KEY (`lubricant_sales_id`);

--
-- Indexes for table `migrations`
--
ALTER TABLE `migrations`
  ADD PRIMARY KEY (`id`);

--
-- Indexes for table `nozzel_numbers`
--
ALTER TABLE `nozzel_numbers`
  ADD PRIMARY KEY (`id`),
  ADD KEY `updated_by` (`updated_by`),
  ADD KEY `added_by` (`added_by`),
  ADD KEY `nozzel_type` (`nozzel_type`);

--
-- Indexes for table `nozzel_readings`
--
ALTER TABLE `nozzel_readings`
  ADD PRIMARY KEY (`id`),
  ADD KEY `nozzel_type` (`nozzel_type`),
  ADD KEY `updated_by` (`updated_by`),
  ADD KEY `added_by` (`added_by`);

--
-- Indexes for table `nozzel_type`
--
ALTER TABLE `nozzel_type`
  ADD PRIMARY KEY (`nozzel_id`),
  ADD KEY `added_by` (`added_by`),
  ADD KEY `updated_by` (`updated_by`);

--
-- Indexes for table `password_resets`
--
ALTER TABLE `password_resets`
  ADD KEY `password_resets_email_index` (`email`);

--
-- Indexes for table `purchase`
--
ALTER TABLE `purchase`
  ADD PRIMARY KEY (`purchase_id`);

--
-- Indexes for table `roles`
--
ALTER TABLE `roles`
  ADD PRIMARY KEY (`role_id`);

--
-- Indexes for table `servicestation`
--
ALTER TABLE `servicestation`
  ADD PRIMARY KEY (`serviceStation_id`);

--
-- Indexes for table `stock_in`
--
ALTER TABLE `stock_in`
  ADD PRIMARY KEY (`stock_in_id`);

--
-- Indexes for table `stock_items`
--
ALTER TABLE `stock_items`
  ADD PRIMARY KEY (`stock_id`),
  ADD KEY `name` (`fk_nozzel_type`),
  ADD KEY `updated_by` (`updated_by`),
  ADD KEY `added_by` (`added_by`),
  ADD KEY `fk_stock_in_id` (`fk_stock_in_id`);

--
-- Indexes for table `tariff`
--
ALTER TABLE `tariff`
  ADD PRIMARY KEY (`tariff_id`),
  ADD KEY `nozzel_type` (`nozzel_type`),
  ADD KEY `added_by` (`added_by`),
  ADD KEY `updated_by` (`updated_by`);

--
-- Indexes for table `transporters`
--
ALTER TABLE `transporters`
  ADD PRIMARY KEY (`id`),
  ADD KEY `added_by` (`added_by`),
  ADD KEY `updated_by` (`updated_by`);

--
-- Indexes for table `users`
--
ALTER TABLE `users`
  ADD PRIMARY KEY (`user_id`),
  ADD KEY `role_id` (`role_id`);

--
-- AUTO_INCREMENT for dumped tables
--

--
-- AUTO_INCREMENT for table `credit_fill`
--
ALTER TABLE `credit_fill`
  MODIFY `id` int(11) NOT NULL AUTO_INCREMENT, AUTO_INCREMENT=19;

--
-- AUTO_INCREMENT for table `credit_parties`
--
ALTER TABLE `credit_parties`
  MODIFY `party_id` int(11) NOT NULL AUTO_INCREMENT, AUTO_INCREMENT=4;

--
-- AUTO_INCREMENT for table `credit_sales`
--
ALTER TABLE `credit_sales`
  MODIFY `id` int(11) NOT NULL AUTO_INCREMENT;

--
-- AUTO_INCREMENT for table `credit_vehicles`
--
ALTER TABLE `credit_vehicles`
  MODIFY `vehicle_id` int(11) NOT NULL AUTO_INCREMENT, AUTO_INCREMENT=4;

--
-- AUTO_INCREMENT for table `daily_lubs_stock`
--
ALTER TABLE `daily_lubs_stock`
  MODIFY `id` int(11) NOT NULL AUTO_INCREMENT, AUTO_INCREMENT=11;

--
-- AUTO_INCREMENT for table `diprod_readings`
--
ALTER TABLE `diprod_readings`
  MODIFY `id` int(11) NOT NULL AUTO_INCREMENT, AUTO_INCREMENT=164;

--
-- AUTO_INCREMENT for table `diprod_scale`
--
ALTER TABLE `diprod_scale`
  MODIFY `drs_id` int(11) NOT NULL AUTO_INCREMENT, AUTO_INCREMENT=667;

--
-- AUTO_INCREMENT for table `distributor`
--
ALTER TABLE `distributor`
  MODIFY `distributor_id` int(11) NOT NULL AUTO_INCREMENT, AUTO_INCREMENT=7;

--
-- AUTO_INCREMENT for table `expense`
--
ALTER TABLE `expense`
  MODIFY `expense_id` int(11) NOT NULL AUTO_INCREMENT, AUTO_INCREMENT=43;

--
-- AUTO_INCREMENT for table `expense_head`
--
ALTER TABLE `expense_head`
  MODIFY `expense_head_id` int(11) NOT NULL AUTO_INCREMENT, AUTO_INCREMENT=30;

--
-- AUTO_INCREMENT for table `expense_type`
--
ALTER TABLE `expense_type`
  MODIFY `id` int(11) NOT NULL AUTO_INCREMENT, AUTO_INCREMENT=3;

--
-- AUTO_INCREMENT for table `failed_jobs`
--
ALTER TABLE `failed_jobs`
  MODIFY `id` bigint(20) UNSIGNED NOT NULL AUTO_INCREMENT;

--
-- AUTO_INCREMENT for table `indent_price_track`
--
ALTER TABLE `indent_price_track`
  MODIFY `id` int(11) NOT NULL AUTO_INCREMENT, AUTO_INCREMENT=7;

--
-- AUTO_INCREMENT for table `lubricants_stock_in`
--
ALTER TABLE `lubricants_stock_in`
  MODIFY `stock_in_id` int(11) NOT NULL AUTO_INCREMENT, AUTO_INCREMENT=51;

--
-- AUTO_INCREMENT for table `lubricant_categories`
--
ALTER TABLE `lubricant_categories`
  MODIFY `lubricant_category_id` int(11) NOT NULL AUTO_INCREMENT, AUTO_INCREMENT=26;

--
-- AUTO_INCREMENT for table `lubricant_items`
--
ALTER TABLE `lubricant_items`
  MODIFY `lubricant_item_id` int(11) NOT NULL AUTO_INCREMENT, AUTO_INCREMENT=25;

--
-- AUTO_INCREMENT for table `lubricant_sales`
--
ALTER TABLE `lubricant_sales`
  MODIFY `lubricant_sales_id` int(11) NOT NULL AUTO_INCREMENT, AUTO_INCREMENT=72;

--
-- AUTO_INCREMENT for table `migrations`
--
ALTER TABLE `migrations`
  MODIFY `id` int(10) UNSIGNED NOT NULL AUTO_INCREMENT, AUTO_INCREMENT=4;

--
-- AUTO_INCREMENT for table `nozzel_numbers`
--
ALTER TABLE `nozzel_numbers`
  MODIFY `id` int(11) NOT NULL AUTO_INCREMENT;

--
-- AUTO_INCREMENT for table `nozzel_readings`
--
ALTER TABLE `nozzel_readings`
  MODIFY `id` int(11) NOT NULL AUTO_INCREMENT, AUTO_INCREMENT=1253;

--
-- AUTO_INCREMENT for table `nozzel_type`
--
ALTER TABLE `nozzel_type`
  MODIFY `nozzel_id` int(11) NOT NULL AUTO_INCREMENT, AUTO_INCREMENT=3;

--
-- AUTO_INCREMENT for table `purchase`
--
ALTER TABLE `purchase`
  MODIFY `purchase_id` int(11) NOT NULL AUTO_INCREMENT, AUTO_INCREMENT=163;

--
-- AUTO_INCREMENT for table `roles`
--
ALTER TABLE `roles`
  MODIFY `role_id` int(11) NOT NULL AUTO_INCREMENT, AUTO_INCREMENT=2;

--
-- AUTO_INCREMENT for table `servicestation`
--
ALTER TABLE `servicestation`
  MODIFY `serviceStation_id` int(11) NOT NULL AUTO_INCREMENT, AUTO_INCREMENT=6;

--
-- AUTO_INCREMENT for table `stock_in`
--
ALTER TABLE `stock_in`
  MODIFY `stock_in_id` int(11) NOT NULL AUTO_INCREMENT, AUTO_INCREMENT=71;

--
-- AUTO_INCREMENT for table `stock_items`
--
ALTER TABLE `stock_items`
  MODIFY `stock_id` int(11) NOT NULL AUTO_INCREMENT;

--
-- AUTO_INCREMENT for table `tariff`
--
ALTER TABLE `tariff`
  MODIFY `tariff_id` int(11) NOT NULL AUTO_INCREMENT, AUTO_INCREMENT=43;

--
-- AUTO_INCREMENT for table `transporters`
--
ALTER TABLE `transporters`
  MODIFY `id` int(11) NOT NULL AUTO_INCREMENT;

--
-- AUTO_INCREMENT for table `users`
--
ALTER TABLE `users`
  MODIFY `user_id` int(11) NOT NULL AUTO_INCREMENT, AUTO_INCREMENT=4;
COMMIT;

/*!40101 SET CHARACTER_SET_CLIENT=@OLD_CHARACTER_SET_CLIENT */;
/*!40101 SET CHARACTER_SET_RESULTS=@OLD_CHARACTER_SET_RESULTS */;
/*!40101 SET COLLATION_CONNECTION=@OLD_COLLATION_CONNECTION */;
